eid,season,week,Home,Away,HomeScore,AwayScore,Day,Time
2013090500,2013.0,1.0,DEN,BAL,49,27,Thu,8:30
2013090800,2013.0,1.0,BUF,NE,21,23,Sun,1:00
2013090801,2013.0,1.0,CAR,SEA,7,12,Sun,1:00
2013090802,2013.0,1.0,CHI,CIN,24,21,Sun,1:00
2013090803,2013.0,1.0,CLE,MIA,10,23,Sun,1:00
2013090804,2013.0,1.0,DET,MIN,34,24,Sun,1:00
2013090805,2013.0,1.0,IND,OAK,21,17,Sun,1:00
2013090806,2013.0,1.0,JAC,KC,2,28,Sun,1:00
2013090807,2013.0,1.0,NYJ,TB,18,17,Sun,1:00
2013090808,2013.0,1.0,NO,ATL,23,17,Sun,1:00
2013090809,2013.0,1.0,PIT,TEN,9,16,Sun,1:00
2013090810,2013.0,1.0,STL,ARI,27,24,Sun,4:25
2013090811,2013.0,1.0,SF,GB,34,28,Sun,4:25
2013090812,2013.0,1.0,DAL,NYG,36,31,Sun,8:30
2013090900,2013.0,1.0,WAS,PHI,27,33,Mon,7:10
2013090901,2013.0,1.0,SD,HOU,28,31,Mon,10:20
2013091200,2013.0,2.0,NE,NYJ,13,10,Thu,8:25
2013091500,2013.0,2.0,ATL,STL,31,24,Sun,1:00
2013091501,2013.0,2.0,BAL,CLE,14,6,Sun,1:00
2013091502,2013.0,2.0,BUF,CAR,24,23,Sun,1:00
2013091503,2013.0,2.0,CHI,MIN,31,30,Sun,1:00
2013091504,2013.0,2.0,GB,WAS,38,20,Sun,1:00
2013091505,2013.0,2.0,HOU,TEN,30,24,Sun,1:00
2013091506,2013.0,2.0,IND,MIA,20,24,Sun,1:00
2013091507,2013.0,2.0,KC,DAL,17,16,Sun,1:00
2013091508,2013.0,2.0,PHI,SD,30,33,Sun,1:00
2013091509,2013.0,2.0,ARI,DET,25,21,Sun,4:05
2013091510,2013.0,2.0,TB,NO,14,16,Sun,4:05
2013091511,2013.0,2.0,NYG,DEN,23,41,Sun,4:25
2013091512,2013.0,2.0,OAK,JAC,19,9,Sun,4:25
2013091513,2013.0,2.0,SEA,SF,29,3,Sun,8:30
2013091600,2013.0,2.0,CIN,PIT,20,10,Mon,8:40
2013091900,2013.0,3.0,PHI,KC,16,26,Thu,8:25
2013092200,2013.0,3.0,BAL,HOU,30,9,Sun,1:00
2013092201,2013.0,3.0,CIN,GB,34,30,Sun,1:00
2013092202,2013.0,3.0,DAL,STL,31,7,Sun,1:00
2013092204,2013.0,3.0,MIN,CLE,27,31,Sun,1:00
2013092206,2013.0,3.0,NE,TB,23,3,Sun,1:00
2013092207,2013.0,3.0,NO,ARI,31,7,Sun,1:00
2013092208,2013.0,3.0,TEN,SD,20,17,Sun,1:00
2013092209,2013.0,3.0,WAS,DET,20,27,Sun,1:00
2013092210,2013.0,3.0,CAR,NYG,38,0,Sun,1:00
2013092203,2013.0,3.0,MIA,ATL,27,23,Sun,4:05
2013092205,2013.0,3.0,NYJ,BUF,27,20,Sun,4:25
2013092211,2013.0,3.0,SF,IND,7,27,Sun,4:25
2013092212,2013.0,3.0,SEA,JAC,45,17,Sun,4:25
2013092213,2013.0,3.0,PIT,CHI,23,40,Sun,8:30
2013092300,2013.0,3.0,DEN,OAK,37,21,Mon,8:40
2013092600,2013.0,4.0,STL,SF,11,35,Thu,8:25
2013092900,2013.0,4.0,BUF,BAL,23,20,Sun,1:00
2013092901,2013.0,4.0,CLE,CIN,17,6,Sun,1:00
2013092902,2013.0,4.0,DET,CHI,40,32,Sun,1:00
2013092903,2013.0,4.0,HOU,SEA,20,23,Sun,1:00
2013092904,2013.0,4.0,JAC,IND,3,37,Sun,1:00
2013092905,2013.0,4.0,KC,NYG,31,7,Sun,1:00
2013092906,2013.0,4.0,MIN,PIT,34,27,Sun,1:00
2013092907,2013.0,4.0,TB,ARI,10,13,Sun,1:00
2013092908,2013.0,4.0,TEN,NYJ,38,13,Sun,4:05
2013092909,2013.0,4.0,DEN,PHI,52,20,Sun,4:25
2013092910,2013.0,4.0,OAK,WAS,14,24,Sun,4:25
2013092911,2013.0,4.0,SD,DAL,30,21,Sun,4:25
2013092912,2013.0,4.0,ATL,NE,23,30,Sun,8:30
2013093000,2013.0,4.0,NO,MIA,38,17,Mon,8:40
2013100300,2013.0,5.0,CLE,BUF,37,24,Thu,8:25
2013100601,2013.0,5.0,CIN,NE,13,6,Sun,1:00
2013100602,2013.0,5.0,GB,DET,22,9,Sun,1:00
2013100603,2013.0,5.0,IND,SEA,34,28,Sun,1:00
2013100604,2013.0,5.0,MIA,BAL,23,26,Sun,1:00
2013100600,2013.0,5.0,CHI,NO,18,26,Sun,1:00
2013100605,2013.0,5.0,NYG,PHI,21,36,Sun,1:00
2013100606,2013.0,5.0,STL,JAC,34,20,Sun,1:00
2013100607,2013.0,5.0,TEN,KC,17,26,Sun,1:00
2013100608,2013.0,5.0,ARI,CAR,22,6,Sun,4:05
2013100609,2013.0,5.0,DAL,DEN,48,51,Sun,4:25
2013100611,2013.0,5.0,SF,HOU,34,3,Sun,8:30
2013100610,2013.0,5.0,OAK,SD,27,17,Sun,11:35
2013100700,2013.0,5.0,ATL,NYJ,28,30,Mon,8:40
2013101000,2013.0,6.0,CHI,NYG,27,21,Thu,8:25
2013101300,2013.0,6.0,BAL,GB,17,19,Sun,1:00
2013101301,2013.0,6.0,BUF,CIN,24,27,Sun,1:00
2013101302,2013.0,6.0,CLE,DET,17,31,Sun,1:00
2013101303,2013.0,6.0,HOU,STL,13,38,Sun,1:00
2013101305,2013.0,6.0,MIN,CAR,10,35,Sun,1:00
2013101304,2013.0,6.0,KC,OAK,24,7,Sun,1:00
2013101306,2013.0,6.0,NYJ,PIT,6,19,Sun,1:00
2013101307,2013.0,6.0,TB,PHI,20,31,Sun,1:00
2013101308,2013.0,6.0,DEN,JAC,35,19,Sun,4:05
2013101309,2013.0,6.0,SEA,TEN,20,13,Sun,4:05
2013101310,2013.0,6.0,NE,NO,30,27,Sun,4:25
2013101311,2013.0,6.0,SF,ARI,32,20,Sun,4:25
2013101312,2013.0,6.0,DAL,WAS,31,16,Sun,8:30
2013101400,2013.0,6.0,SD,IND,19,9,Mon,8:40
2013101700,2013.0,7.0,ARI,SEA,22,34,Thu,8:25
2013102000,2013.0,7.0,ATL,TB,31,23,Sun,1:00
2013102001,2013.0,7.0,CAR,STL,30,15,Sun,1:00
2013102002,2013.0,7.0,DET,CIN,24,27,Sun,1:00
2013102004,2013.0,7.0,JAC,SD,6,24,Sun,1:00
2013102006,2013.0,7.0,MIA,BUF,21,23,Sun,1:00
2013102007,2013.0,7.0,NYJ,NE,30,27,Sun,1:00
2013102008,2013.0,7.0,PHI,DAL,3,17,Sun,1:00
2013102009,2013.0,7.0,WAS,CHI,45,41,Sun,1:00
2013102010,2013.0,7.0,TEN,SF,17,31,Sun,4:05
2013102003,2013.0,7.0,GB,CLE,31,13,Sun,4:25
2013102005,2013.0,7.0,KC,HOU,17,16,Sun,4:25
2013102011,2013.0,7.0,PIT,BAL,19,16,Sun,4:25
2013102012,2013.0,7.0,IND,DEN,39,33,Sun,8:30
2013102100,2013.0,7.0,NYG,MIN,23,7,Mon,8:40
2013102400,2013.0,8.0,TB,CAR,13,31,Thu,8:25
2013102701,2013.0,8.0,JAC,SF,10,42,Sun,1:00
2013102702,2013.0,8.0,KC,CLE,23,17,Sun,1:00
2013102703,2013.0,8.0,NE,MIA,27,17,Sun,1:00
2013102704,2013.0,8.0,NO,BUF,35,17,Sun,1:00
2013102700,2013.0,8.0,DET,DAL,31,30,Sun,1:00
2013102705,2013.0,8.0,PHI,NYG,7,15,Sun,1:00
2013102706,2013.0,8.0,OAK,PIT,21,18,Sun,4:05
2013102707,2013.0,8.0,CIN,NYJ,49,9,Sun,4:05
2013102708,2013.0,8.0,ARI,ATL,27,13,Sun,4:25
2013102709,2013.0,8.0,DEN,WAS,45,21,Sun,4:25
2013102710,2013.0,8.0,MIN,GB,31,44,Sun,8:30
2013102800,2013.0,8.0,STL,SEA,9,14,Mon,8:40
2013103100,2013.0,9.0,MIA,CIN,22,20,Thu,8:25
2013110301,2013.0,9.0,CAR,ATL,34,10,Sun,1:00
2013110302,2013.0,9.0,DAL,MIN,27,23,Sun,1:00
2013110303,2013.0,9.0,NYJ,NO,26,20,Sun,1:00
2013110304,2013.0,9.0,STL,TEN,21,28,Sun,1:00
2013110300,2013.0,9.0,BUF,KC,13,23,Sun,1:00
2013110305,2013.0,9.0,WAS,SD,30,24,Sun,1:00
2013110306,2013.0,9.0,OAK,PHI,20,49,Sun,4:05
2013110307,2013.0,9.0,SEA,TB,27,24,Sun,4:05
2013110308,2013.0,9.0,CLE,BAL,24,18,Sun,4:25
2013110309,2013.0,9.0,NE,PIT,55,31,Sun,4:25
2013110310,2013.0,9.0,HOU,IND,24,27,Sun,8:30
2013110400,2013.0,9.0,GB,CHI,20,27,Mon,8:40
2013110700,2013.0,10.0,MIN,WAS,34,27,Thu,8:25
2013111003,2013.0,10.0,GB,PHI,13,27,Sun,1:00
2013111000,2013.0,10.0,ATL,SEA,10,33,Sun,1:00
2013111001,2013.0,10.0,BAL,CIN,20,17,Sun,1:00
2013111002,2013.0,10.0,CHI,DET,19,21,Sun,1:00
2013111004,2013.0,10.0,IND,STL,8,38,Sun,1:00
2013111005,2013.0,10.0,NYG,OAK,24,20,Sun,1:00
2013111006,2013.0,10.0,PIT,BUF,23,10,Sun,1:00
2013111007,2013.0,10.0,TEN,JAC,27,29,Sun,1:00
2013111008,2013.0,10.0,SF,CAR,9,10,Sun,4:05
2013111010,2013.0,10.0,SD,DEN,20,28,Sun,4:25
2013111009,2013.0,10.0,ARI,HOU,27,24,Sun,4:25
2013111011,2013.0,10.0,NO,DAL,49,17,Sun,8:30
2013111100,2013.0,10.0,TB,MIA,22,19,Mon,8:40
2013111400,2013.0,11.0,TEN,IND,27,30,Thu,8:25
2013111700,2013.0,11.0,BUF,NYJ,37,14,Sun,1:00
2013111701,2013.0,11.0,CHI,BAL,23,20,Sun,1:00
2013111702,2013.0,11.0,CIN,CLE,41,20,Sun,1:00
2013111703,2013.0,11.0,HOU,OAK,23,28,Sun,1:00
2013111704,2013.0,11.0,JAC,ARI,14,27,Sun,1:00
2013111706,2013.0,11.0,PHI,WAS,24,16,Sun,1:00
2013111707,2013.0,11.0,PIT,DET,37,27,Sun,1:00
2013111708,2013.0,11.0,TB,ATL,41,28,Sun,1:00
2013111705,2013.0,11.0,MIA,SD,20,16,Sun,4:05
2013111710,2013.0,11.0,NO,SF,23,20,Sun,4:25
2013111711,2013.0,11.0,SEA,MIN,41,20,Sun,4:25
2013111712,2013.0,11.0,NYG,GB,27,13,Sun,4:25
2013111709,2013.0,11.0,DEN,KC,27,17,Sun,8:30
2013111800,2013.0,11.0,CAR,NE,24,20,Mon,8:40
2013112100,2013.0,12.0,ATL,NO,13,17,Thu,8:25
2013112402,2013.0,12.0,DET,TB,21,24,Sun,1:00
2013112403,2013.0,12.0,GB,MIN,26,26,Sun,1:00
2013112404,2013.0,12.0,HOU,JAC,6,13,Sun,1:00
2013112405,2013.0,12.0,KC,SD,38,41,Sun,1:00
2013112406,2013.0,12.0,MIA,CAR,16,20,Sun,1:00
2013112401,2013.0,12.0,CLE,PIT,11,27,Sun,1:00
2013112407,2013.0,12.0,STL,CHI,42,21,Sun,1:00
2013112400,2013.0,12.0,BAL,NYJ,19,3,Sun,1:00
2013112408,2013.0,12.0,ARI,IND,40,11,Sun,4:05
2013112409,2013.0,12.0,OAK,TEN,19,23,Sun,4:05
2013112410,2013.0,12.0,NYG,DAL,21,24,Sun,4:25
2013112411,2013.0,12.0,NE,DEN,34,31,Sun,8:30
2013112500,2013.0,12.0,WAS,SF,6,27,Mon,8:40
2013112800,2013.0,13.0,DET,GB,40,10,Thu,12:30
2013112801,2013.0,13.0,DAL,OAK,31,24,Thu,4:30
2013112802,2013.0,13.0,BAL,PIT,22,20,Thu,8:30
2013120102,2013.0,13.0,IND,TEN,22,14,Sun,1:00
2013120101,2013.0,13.0,CLE,JAC,28,32,Sun,1:00
2013120100,2013.0,13.0,CAR,TB,27,6,Sun,1:00
2013120104,2013.0,13.0,MIN,CHI,23,20,Sun,1:00
2013120105,2013.0,13.0,NYJ,MIA,3,23,Sun,1:00
2013120106,2013.0,13.0,PHI,ARI,24,21,Sun,1:00
2013120109,2013.0,13.0,HOU,NE,31,34,Sun,1:00
2013120107,2013.0,13.0,BUF,ATL,31,34,Sun,4:05
2013120108,2013.0,13.0,SF,STL,23,13,Sun,4:05
2013120103,2013.0,13.0,KC,DEN,28,35,Sun,4:25
2013120110,2013.0,13.0,SD,CIN,10,17,Sun,4:25
2013120111,2013.0,13.0,WAS,NYG,17,24,Sun,8:30
2013120200,2013.0,13.0,SEA,NO,34,7,Mon,8:40
2013120500,2013.0,14.0,JAC,HOU,27,20,Thu,8:25
2013120801,2013.0,14.0,CIN,IND,42,28,Sun,1:00
2013120802,2013.0,14.0,NE,CLE,27,26,Sun,1:00
2013120803,2013.0,14.0,NYJ,OAK,37,27,Sun,1:00
2013120805,2013.0,14.0,PHI,DET,34,20,Sun,1:00
2013120806,2013.0,14.0,PIT,MIA,28,34,Sun,1:00
2013120807,2013.0,14.0,TB,BUF,27,6,Sun,1:00
2013120813,2013.0,14.0,GB,ATL,22,21,Sun,1:00
2013120808,2013.0,14.0,WAS,KC,10,45,Sun,1:00
2013120800,2013.0,14.0,BAL,MIN,29,26,Sun,1:00
2013120809,2013.0,14.0,DEN,TEN,51,28,Sun,4:05
2013120810,2013.0,14.0,ARI,STL,30,10,Sun,4:25
2013120811,2013.0,14.0,SD,NYG,37,14,Sun,4:25
2013120812,2013.0,14.0,SF,SEA,19,17,Sun,4:25
2013120804,2013.0,14.0,NO,CAR,31,13,Sun,8:30
2013120900,2013.0,14.0,CHI,DAL,45,28,Mon,8:40
2013121200,2013.0,15.0,DEN,SD,20,27,Thu,8:25
2013121500,2013.0,15.0,ATL,WAS,27,26,Sun,1:00
2013121501,2013.0,15.0,CLE,CHI,31,38,Sun,1:00
2013121502,2013.0,15.0,IND,HOU,25,3,Sun,1:00
2013121503,2013.0,15.0,JAC,BUF,20,27,Sun,1:00
2013121504,2013.0,15.0,MIA,NE,24,20,Sun,1:00
2013121505,2013.0,15.0,MIN,PHI,48,30,Sun,1:00
2013121506,2013.0,15.0,NYG,SEA,0,23,Sun,1:00
2013121508,2013.0,15.0,TB,SF,14,33,Sun,1:00
2013121510,2013.0,15.0,CAR,NYJ,30,20,Sun,4:05
2013121511,2013.0,15.0,OAK,KC,31,56,Sun,4:05
2013121507,2013.0,15.0,STL,NO,27,16,Sun,4:25
2013121509,2013.0,15.0,TEN,ARI,34,37,Sun,4:25
2013121512,2013.0,15.0,DAL,GB,36,37,Sun,4:25
2013121513,2013.0,15.0,PIT,CIN,30,20,Sun,8:30
2013121600,2013.0,15.0,DET,BAL,16,18,Mon,8:40
2013122200,2013.0,16.0,BUF,MIA,19,0,Sun,1:00
2013122201,2013.0,16.0,CAR,NO,17,13,Sun,1:00
2013122202,2013.0,16.0,CIN,MIN,42,14,Sun,1:00
2013122203,2013.0,16.0,HOU,DEN,13,37,Sun,1:00
2013122204,2013.0,16.0,JAC,TEN,16,20,Sun,1:00
2013122205,2013.0,16.0,KC,IND,7,23,Sun,1:00
2013122206,2013.0,16.0,NYJ,CLE,24,13,Sun,1:00
2013122208,2013.0,16.0,STL,TB,23,13,Sun,1:00
2013122209,2013.0,16.0,WAS,DAL,23,24,Sun,1:00
2013122210,2013.0,16.0,DET,NYG,20,23,Sun,4:05
2013122211,2013.0,16.0,SEA,ARI,10,17,Sun,4:05
2013122212,2013.0,16.0,GB,PIT,31,38,Sun,4:25
2013122213,2013.0,16.0,SD,OAK,26,13,Sun,4:25
2013122214,2013.0,16.0,BAL,NE,7,41,Sun,4:25
2013122207,2013.0,16.0,PHI,CHI,54,11,Sun,8:30
2013122300,2013.0,16.0,SF,ATL,34,24,Mon,8:40
2013122900,2013.0,17.0,ATL,CAR,20,21,Sun,1:00
2013122902,2013.0,17.0,CIN,BAL,34,17,Sun,1:00
2013122904,2013.0,17.0,IND,JAC,30,10,Sun,1:00
2013122905,2013.0,17.0,MIA,NYJ,7,20,Sun,1:00
2013122906,2013.0,17.0,MIN,DET,14,13,Sun,1:00
2013122909,2013.0,17.0,NYG,WAS,20,6,Sun,1:00
2013122910,2013.0,17.0,PIT,CLE,20,7,Sun,1:00
2013122911,2013.0,17.0,TEN,HOU,16,10,Sun,1:00
2013122915,2013.0,17.0,SEA,STL,27,9,Sun,4:25
2013122907,2013.0,17.0,NE,BUF,34,20,Sun,4:25
2013122908,2013.0,17.0,NO,TB,42,17,Sun,4:25
2013122912,2013.0,17.0,ARI,SF,20,23,Sun,4:25
2013122913,2013.0,17.0,OAK,DEN,14,34,Sun,4:25
2013122914,2013.0,17.0,SD,KC,27,24,Sun,4:25
2013122901,2013.0,17.0,CHI,GB,28,33,Sun,4:25
2013122903,2013.0,17.0,DAL,PHI,22,24,Sun,8:30
2014010400,2013.0,18.0,IND,KC,45,44,Sat,4:35
2014010401,2013.0,18.0,PHI,NO,24,26,Sat,8:10
2014010500,2013.0,18.0,CIN,SD,10,27,Sun,1:05
2014010501,2013.0,18.0,GB,SF,20,23,Sun,4:40
2014011100,2013.0,19.0,SEA,NO,23,15,Sat,4:35
2014011101,2013.0,19.0,NE,IND,43,22,Sat,8:15
2014011200,2013.0,19.0,CAR,SF,10,23,Sun,1:05
2014011201,2013.0,19.0,DEN,SD,24,17,Sun,4:40
2014011900,2013.0,20.0,DEN,NE,26,16,Sun,3:00
2014011901,2013.0,20.0,SEA,SF,23,17,Sun,6:30
2014020200,2013.0,22.0,DEN,SEA,8,43,Sun,6:30
2014090400,2014.0,1.0,SEA,GB,36,16,Thu,8:30
2014090700,2014.0,1.0,ATL,NO,37,34,Sun,1:00
2014090701,2014.0,1.0,BAL,CIN,16,23,Sun,1:00
2014090702,2014.0,1.0,CHI,BUF,20,23,Sun,1:00
2014090703,2014.0,1.0,HOU,WAS,17,6,Sun,1:00
2014090704,2014.0,1.0,KC,TEN,10,26,Sun,1:00
2014090705,2014.0,1.0,MIA,NE,33,20,Sun,1:00
2014090706,2014.0,1.0,NYJ,OAK,19,14,Sun,1:00
2014090707,2014.0,1.0,PHI,JAC,34,17,Sun,1:00
2014090708,2014.0,1.0,PIT,CLE,30,27,Sun,1:00
2014090709,2014.0,1.0,STL,MIN,6,34,Sun,1:00
2014090710,2014.0,1.0,DAL,SF,17,28,Sun,4:25
2014090711,2014.0,1.0,TB,CAR,14,20,Sun,4:25
2014090712,2014.0,1.0,DEN,IND,31,24,Sun,8:30
2014090800,2014.0,1.0,DET,NYG,35,14,Mon,7:10
2014090801,2014.0,1.0,ARI,SD,18,17,Mon,10:20
2014091100,2014.0,2.0,BAL,PIT,26,6,Thu,8:25
2014091400,2014.0,2.0,BUF,MIA,29,10,Sun,1:00
2014091401,2014.0,2.0,CAR,DET,24,7,Sun,1:00
2014091402,2014.0,2.0,CIN,ATL,24,10,Sun,1:00
2014091403,2014.0,2.0,CLE,NO,26,24,Sun,1:00
2014091404,2014.0,2.0,MIN,NE,7,30,Sun,1:00
2014091405,2014.0,2.0,NYG,ARI,14,25,Sun,1:00
2014091406,2014.0,2.0,TEN,DAL,10,26,Sun,1:00
2014091407,2014.0,2.0,WAS,JAC,41,10,Sun,1:00
2014091408,2014.0,2.0,SD,SEA,30,21,Sun,4:05
2014091409,2014.0,2.0,TB,STL,17,19,Sun,4:05
2014091410,2014.0,2.0,DEN,KC,24,17,Sun,4:25
2014091411,2014.0,2.0,GB,NYJ,31,24,Sun,4:25
2014091412,2014.0,2.0,OAK,HOU,14,30,Sun,4:25
2014091413,2014.0,2.0,SF,CHI,20,28,Sun,8:30
2014091500,2014.0,2.0,IND,PHI,27,30,Mon,8:30
2014091800,2014.0,3.0,ATL,TB,56,14,Thu,8:25
2014092100,2014.0,3.0,BUF,SD,10,22,Sun,1:00
2014092101,2014.0,3.0,CIN,TEN,33,7,Sun,1:00
2014092102,2014.0,3.0,CLE,BAL,21,23,Sun,1:00
2014092103,2014.0,3.0,DET,GB,19,7,Sun,1:00
2014092104,2014.0,3.0,JAC,IND,17,44,Sun,1:00
2014092105,2014.0,3.0,NE,OAK,16,9,Sun,1:00
2014092106,2014.0,3.0,NO,MIN,20,9,Sun,1:00
2014092107,2014.0,3.0,NYG,HOU,30,17,Sun,1:00
2014092108,2014.0,3.0,PHI,WAS,37,34,Sun,1:00
2014092109,2014.0,3.0,STL,DAL,31,34,Sun,1:00
2014092110,2014.0,3.0,ARI,SF,23,14,Sun,4:05
2014092111,2014.0,3.0,MIA,KC,15,34,Sun,4:25
2014092112,2014.0,3.0,SEA,DEN,26,20,Sun,4:25
2014092113,2014.0,3.0,CAR,PIT,19,37,Sun,8:30
2014092200,2014.0,3.0,NYJ,CHI,19,27,Mon,8:30
2014092500,2014.0,4.0,WAS,NYG,14,45,Thu,8:25
2014092801,2014.0,4.0,CHI,GB,17,38,Sun,1:00
2014092802,2014.0,4.0,HOU,BUF,23,17,Sun,1:00
2014092803,2014.0,4.0,IND,TEN,41,17,Sun,1:00
2014092800,2014.0,4.0,BAL,CAR,38,10,Sun,1:00
2014092805,2014.0,4.0,NYJ,DET,17,24,Sun,1:00
2014092806,2014.0,4.0,OAK,MIA,14,38,Sun,1:00
2014092807,2014.0,4.0,PIT,TB,24,27,Sun,1:00
2014092808,2014.0,4.0,SD,JAC,33,14,Sun,4:05
2014092804,2014.0,4.0,MIN,ATL,41,28,Sun,4:25
2014092809,2014.0,4.0,SF,PHI,26,21,Sun,4:25
2014092810,2014.0,4.0,DAL,NO,38,17,Sun,8:30
2014092900,2014.0,4.0,KC,NE,41,14,Mon,8:30
2014100200,2014.0,5.0,GB,MIN,42,10,Thu,8:25
2014100500,2014.0,5.0,CAR,CHI,31,24,Sun,1:00
2014100501,2014.0,5.0,DAL,HOU,20,17,Sun,1:00
2014100502,2014.0,5.0,DET,BUF,14,17,Sun,1:00
2014100503,2014.0,5.0,IND,BAL,20,13,Sun,1:00
2014100504,2014.0,5.0,JAC,PIT,9,17,Sun,1:00
2014100505,2014.0,5.0,NO,TB,37,31,Sun,1:00
2014100506,2014.0,5.0,NYG,ATL,30,20,Sun,1:00
2014100507,2014.0,5.0,PHI,STL,34,28,Sun,1:00
2014100508,2014.0,5.0,TEN,CLE,28,29,Sun,1:00
2014100509,2014.0,5.0,DEN,ARI,41,20,Sun,4:05
2014100510,2014.0,5.0,SD,NYJ,31,0,Sun,4:25
2014100511,2014.0,5.0,SF,KC,22,17,Sun,4:25
2014100512,2014.0,5.0,NE,CIN,43,17,Sun,8:30
2014100600,2014.0,5.0,WAS,SEA,17,27,Mon,8:30
2014100900,2014.0,6.0,HOU,IND,28,33,Thu,8:25
2014101201,2014.0,6.0,BUF,NE,22,37,Sun,1:00
2014101202,2014.0,6.0,CIN,CAR,37,37,Sun,1:00
2014101203,2014.0,6.0,CLE,PIT,31,10,Sun,1:00
2014101204,2014.0,6.0,MIA,GB,24,27,Sun,1:00
2014101205,2014.0,6.0,MIN,DET,3,17,Sun,1:00
2014101206,2014.0,6.0,NYJ,DEN,17,31,Sun,1:00
2014101207,2014.0,6.0,TB,BAL,17,48,Sun,1:00
2014101208,2014.0,6.0,TEN,JAC,16,14,Sun,1:00
2014101209,2014.0,6.0,OAK,SD,28,31,Sun,4:05
2014101200,2014.0,6.0,ATL,CHI,13,27,Sun,4:25
2014101210,2014.0,6.0,ARI,WAS,30,20,Sun,4:25
2014101211,2014.0,6.0,SEA,DAL,23,30,Sun,4:25
2014101212,2014.0,6.0,PHI,NYG,27,0,Sun,8:30
2014101300,2014.0,6.0,STL,SF,17,31,Mon,8:30
2014101600,2014.0,7.0,NE,NYJ,27,25,Thu,8:25
2014101900,2014.0,7.0,BAL,ATL,29,7,Sun,1:00
2014101901,2014.0,7.0,BUF,MIN,17,16,Sun,1:00
2014101902,2014.0,7.0,CHI,MIA,14,27,Sun,1:00
2014101903,2014.0,7.0,DET,NO,24,23,Sun,1:00
2014101904,2014.0,7.0,GB,CAR,38,17,Sun,1:00
2014101905,2014.0,7.0,IND,CIN,27,0,Sun,1:00
2014101906,2014.0,7.0,JAC,CLE,24,6,Sun,1:00
2014101907,2014.0,7.0,STL,SEA,28,26,Sun,1:00
2014101908,2014.0,7.0,WAS,TEN,19,17,Sun,1:00
2014101909,2014.0,7.0,SD,KC,20,23,Sun,4:05
2014101910,2014.0,7.0,DAL,NYG,31,21,Sun,4:25
2014101911,2014.0,7.0,OAK,ARI,13,24,Sun,4:25
2014101912,2014.0,7.0,DEN,SF,42,17,Sun,8:30
2014102000,2014.0,7.0,PIT,HOU,30,23,Mon,8:30
2014102300,2014.0,8.0,DEN,SD,35,21,Thu,8:25
2014102600,2014.0,8.0,ATL,DET,21,22,Sun,9:30
2014102607,2014.0,8.0,TB,MIN,13,19,Sun,1:00
2014102608,2014.0,8.0,TEN,HOU,16,30,Sun,1:00
2014102601,2014.0,8.0,CAR,SEA,9,13,Sun,1:00
2014102602,2014.0,8.0,CIN,BAL,27,24,Sun,1:00
2014102603,2014.0,8.0,JAC,MIA,13,27,Sun,1:00
2014102604,2014.0,8.0,KC,STL,34,7,Sun,1:00
2014102605,2014.0,8.0,NE,CHI,51,23,Sun,1:00
2014102606,2014.0,8.0,NYJ,BUF,23,43,Sun,1:00
2014102609,2014.0,8.0,ARI,PHI,24,20,Sun,4:05
2014102610,2014.0,8.0,CLE,OAK,23,13,Sun,4:25
2014102611,2014.0,8.0,PIT,IND,51,34,Sun,4:25
2014102612,2014.0,8.0,NO,GB,44,23,Sun,8:30
2014102700,2014.0,8.0,DAL,WAS,17,20,Mon,8:30
2014103000,2014.0,9.0,CAR,NO,10,28,Thu,8:25
2014110201,2014.0,9.0,CLE,TB,22,17,Sun,1:00
2014110202,2014.0,9.0,DAL,ARI,17,28,Sun,1:00
2014110203,2014.0,9.0,HOU,PHI,21,31,Sun,1:00
2014110204,2014.0,9.0,KC,NYJ,24,10,Sun,1:00
2014110200,2014.0,9.0,CIN,JAC,33,23,Sun,1:00
2014110205,2014.0,9.0,MIA,SD,37,0,Sun,1:00
2014110206,2014.0,9.0,MIN,WAS,29,26,Sun,1:00
2014110207,2014.0,9.0,SF,STL,10,13,Sun,4:05
2014110208,2014.0,9.0,NE,DEN,43,21,Sun,4:25
2014110209,2014.0,9.0,SEA,OAK,30,24,Sun,4:25
2014110210,2014.0,9.0,PIT,BAL,43,23,Sun,8:30
2014110300,2014.0,9.0,NYG,IND,24,40,Mon,8:30
2014110600,2014.0,10.0,CIN,CLE,3,24,Thu,8:25
2014110901,2014.0,10.0,BUF,KC,13,17,Sun,1:00
2014110902,2014.0,10.0,DET,MIA,20,16,Sun,1:00
2014110903,2014.0,10.0,JAC,DAL,17,31,Sun,1:00
2014110904,2014.0,10.0,NO,SF,24,27,Sun,1:00
2014110900,2014.0,10.0,BAL,TEN,21,7,Sun,1:00
2014110905,2014.0,10.0,NYJ,PIT,20,13,Sun,1:00
2014110906,2014.0,10.0,TB,ATL,17,27,Sun,1:00
2014110907,2014.0,10.0,OAK,DEN,17,41,Sun,4:05
2014110908,2014.0,10.0,ARI,STL,31,14,Sun,4:25
2014110909,2014.0,10.0,SEA,NYG,38,17,Sun,4:25
2014110910,2014.0,10.0,GB,CHI,55,14,Sun,8:30
2014111000,2014.0,10.0,PHI,CAR,45,21,Mon,8:30
2014111300,2014.0,11.0,MIA,BUF,22,9,Thu,8:25
2014111601,2014.0,11.0,CHI,MIN,21,13,Sun,1:00
2014111602,2014.0,11.0,CLE,HOU,7,23,Sun,1:00
2014111604,2014.0,11.0,KC,SEA,24,20,Sun,1:00
2014111600,2014.0,11.0,CAR,ATL,17,19,Sun,1:00
2014111605,2014.0,11.0,NO,CIN,10,27,Sun,1:00
2014111606,2014.0,11.0,NYG,SF,10,16,Sun,1:00
2014111607,2014.0,11.0,STL,DEN,22,7,Sun,1:00
2014111608,2014.0,11.0,WAS,TB,7,27,Sun,1:00
2014111609,2014.0,11.0,SD,OAK,13,6,Sun,4:05
2014111603,2014.0,11.0,GB,PHI,53,20,Sun,4:25
2014111610,2014.0,11.0,ARI,DET,14,6,Sun,4:25
2014111611,2014.0,11.0,IND,NE,20,42,Sun,8:30
2014111700,2014.0,11.0,TEN,PIT,24,27,Mon,8:30
2014112000,2014.0,12.0,OAK,KC,24,20,Thu,8:25
2014112300,2014.0,12.0,ATL,CLE,24,26,Sun,1:00
2014112302,2014.0,12.0,CHI,TB,21,13,Sun,1:00
2014112303,2014.0,12.0,HOU,CIN,13,22,Sun,1:00
2014112304,2014.0,12.0,IND,JAC,23,3,Sun,1:00
2014112305,2014.0,12.0,MIN,GB,21,24,Sun,1:00
2014112306,2014.0,12.0,NE,DET,34,9,Sun,1:00
2014112307,2014.0,12.0,PHI,TEN,43,24,Sun,1:00
2014112308,2014.0,12.0,SD,STL,27,24,Sun,4:05
2014112309,2014.0,12.0,SEA,ARI,19,3,Sun,4:05
2014112310,2014.0,12.0,DEN,MIA,39,36,Sun,4:25
2014112311,2014.0,12.0,SF,WAS,17,13,Sun,4:25
2014112312,2014.0,12.0,NYG,DAL,28,31,Sun,8:30
2014112301,2014.0,12.0,BUF,NYJ,38,3,Mon,7:00
2014112400,2014.0,12.0,NO,BAL,27,34,Mon,8:30
2014112700,2014.0,13.0,DET,CHI,34,17,Thu,12:30
2014112701,2014.0,13.0,DAL,PHI,10,33,Thu,4:30
2014112702,2014.0,13.0,SF,SEA,3,19,Thu,8:30
2014113003,2014.0,13.0,IND,WAS,49,27,Sun,1:00
2014113002,2014.0,13.0,HOU,TEN,45,21,Sun,1:00
2014113001,2014.0,13.0,BUF,CLE,26,10,Sun,1:00
2014113000,2014.0,13.0,BAL,SD,33,34,Sun,1:00
2014113004,2014.0,13.0,JAC,NYG,25,24,Sun,1:00
2014113005,2014.0,13.0,MIN,CAR,31,13,Sun,1:00
2014113006,2014.0,13.0,PIT,NO,32,35,Sun,1:00
2014113007,2014.0,13.0,STL,OAK,52,0,Sun,1:00
2014113008,2014.0,13.0,TB,CIN,13,14,Sun,1:00
2014113009,2014.0,13.0,ATL,ARI,29,18,Sun,4:05
2014113010,2014.0,13.0,GB,NE,26,21,Sun,4:25
2014113011,2014.0,13.0,KC,DEN,16,29,Sun,8:30
2014120100,2014.0,13.0,NYJ,MIA,13,16,Mon,8:30
2014120400,2014.0,14.0,CHI,DAL,28,41,Thu,8:25
2014120700,2014.0,14.0,CIN,PIT,21,42,Sun,1:00
2014120701,2014.0,14.0,CLE,IND,24,25,Sun,1:00
2014120702,2014.0,14.0,DET,TB,34,17,Sun,1:00
2014120703,2014.0,14.0,JAC,HOU,13,27,Sun,1:00
2014120704,2014.0,14.0,MIA,BAL,13,28,Sun,1:00
2014120705,2014.0,14.0,MIN,NYJ,30,24,Sun,1:00
2014120706,2014.0,14.0,NO,CAR,10,41,Sun,1:00
2014120707,2014.0,14.0,TEN,NYG,7,36,Sun,1:00
2014120708,2014.0,14.0,WAS,STL,0,24,Sun,1:00
2014120709,2014.0,14.0,ARI,KC,17,14,Sun,4:05
2014120710,2014.0,14.0,DEN,BUF,24,17,Sun,4:05
2014120711,2014.0,14.0,OAK,SF,24,13,Sun,4:25
2014120712,2014.0,14.0,PHI,SEA,14,24,Sun,4:25
2014120713,2014.0,14.0,SD,NE,14,23,Sun,8:30
2014120800,2014.0,14.0,GB,ATL,43,37,Mon,8:30
2014121100,2014.0,15.0,STL,ARI,6,12,Thu,8:25
2014121400,2014.0,15.0,ATL,PIT,20,27,Sun,1:00
2014121401,2014.0,15.0,BAL,JAC,20,12,Sun,1:00
2014121402,2014.0,15.0,BUF,GB,21,13,Sun,1:00
2014121403,2014.0,15.0,CAR,TB,19,17,Sun,1:00
2014121404,2014.0,15.0,CLE,CIN,0,30,Sun,1:00
2014121406,2014.0,15.0,IND,HOU,17,10,Sun,1:00
2014121407,2014.0,15.0,KC,OAK,31,13,Sun,1:00
2014121408,2014.0,15.0,NE,MIA,41,13,Sun,1:00
2014121409,2014.0,15.0,NYG,WAS,24,13,Sun,1:00
2014121410,2014.0,15.0,SD,DEN,10,22,Sun,4:05
2014121411,2014.0,15.0,TEN,NYJ,11,16,Sun,4:05
2014121405,2014.0,15.0,DET,MIN,16,14,Sun,4:25
2014121412,2014.0,15.0,SEA,SF,17,7,Sun,4:25
2014121413,2014.0,15.0,PHI,DAL,27,38,Sun,8:30
2014121500,2014.0,15.0,CHI,NO,15,31,Mon,8:30
2014121800,2014.0,16.0,JAC,TEN,21,13,Thu,8:25
2014122000,2014.0,16.0,WAS,PHI,27,24,Sat,4:30
2014122001,2014.0,16.0,SF,SD,35,38,Sat,8:25
2014122103,2014.0,16.0,MIA,MIN,37,35,Sun,1:00
2014122102,2014.0,16.0,HOU,BAL,25,13,Sun,1:00
2014122101,2014.0,16.0,CHI,DET,14,20,Sun,1:00
2014122100,2014.0,16.0,CAR,CLE,17,13,Sun,1:00
2014122104,2014.0,16.0,NO,ATL,14,30,Sun,1:00
2014122105,2014.0,16.0,NYJ,NE,16,17,Sun,1:00
2014122106,2014.0,16.0,PIT,KC,20,12,Sun,1:00
2014122107,2014.0,16.0,TB,GB,3,20,Sun,1:00
2014122108,2014.0,16.0,STL,NYG,27,37,Sun,4:05
2014122109,2014.0,16.0,DAL,IND,42,7,Sun,4:25
2014122110,2014.0,16.0,OAK,BUF,26,24,Sun,4:25
2014122111,2014.0,16.0,ARI,SEA,6,35,Sun,8:30
2014122200,2014.0,16.0,CIN,DEN,37,28,Mon,8:30
2014122803,2014.0,17.0,HOU,JAC,23,17,Sun,1:00
2014122804,2014.0,17.0,KC,SD,19,7,Sun,1:00
2014122805,2014.0,17.0,MIA,NYJ,24,37,Sun,1:00
2014122806,2014.0,17.0,MIN,CHI,13,9,Sun,1:00
2014122807,2014.0,17.0,NE,BUF,9,17,Sun,1:00
2014122808,2014.0,17.0,NYG,PHI,26,34,Sun,1:00
2014122810,2014.0,17.0,TB,NO,20,23,Sun,1:00
2014122811,2014.0,17.0,TEN,IND,10,27,Sun,1:00
2014122812,2014.0,17.0,WAS,DAL,17,44,Sun,1:00
2014122801,2014.0,17.0,BAL,CLE,20,10,Sun,1:00
2014122800,2014.0,17.0,ATL,CAR,3,34,Sun,4:25
2014122815,2014.0,17.0,SEA,STL,20,6,Sun,4:25
2014122802,2014.0,17.0,GB,DET,30,20,Sun,4:25
2014122813,2014.0,17.0,DEN,OAK,47,14,Sun,4:25
2014122814,2014.0,17.0,SF,ARI,20,17,Sun,4:25
2014122809,2014.0,17.0,PIT,CIN,27,17,Sun,8:30
2015010300,2014.0,18.0,CAR,ARI,27,16,Sat,4:35
2015010301,2014.0,18.0,PIT,BAL,17,30,Sat,8:15
2015010400,2014.0,18.0,IND,CIN,26,10,Sun,1:05
2015010401,2014.0,18.0,DAL,DET,24,20,Sun,4:40
2015011000,2014.0,19.0,NE,BAL,35,31,Sat,4:35
2015011001,2014.0,19.0,SEA,CAR,31,17,Sat,8:15
2015011100,2014.0,19.0,GB,DAL,26,21,Sun,1:05
2015011101,2014.0,19.0,DEN,IND,13,24,Sun,4:40
2015011800,2014.0,20.0,SEA,GB,28,22,Sun,3:05
2015011801,2014.0,20.0,NE,IND,45,7,Sun,6:50
2015020100,2014.0,22.0,SEA,NE,24,28,Sun,6:30
2015091000,2015.0,1.0,NE,PIT,28,21,Thu,8:30
2015091300,2015.0,1.0,CHI,GB,23,31,Sun,1:00
2015091301,2015.0,1.0,STL,SEA,34,31,Sun,1:00
2015091302,2015.0,1.0,JAC,CAR,9,20,Sun,1:00
2015091303,2015.0,1.0,WAS,MIA,10,17,Sun,1:00
2015091304,2015.0,1.0,BUF,IND,27,14,Sun,1:00
2015091305,2015.0,1.0,NYJ,CLE,31,10,Sun,1:00
2015091306,2015.0,1.0,HOU,KC,20,27,Sun,1:00
2015091307,2015.0,1.0,ARI,NO,31,19,Sun,4:05
2015091308,2015.0,1.0,SD,DET,33,28,Sun,4:05
2015091309,2015.0,1.0,DEN,BAL,19,13,Sun,4:25
2015091310,2015.0,1.0,OAK,CIN,13,33,Sun,4:25
2015091311,2015.0,1.0,TB,TEN,14,42,Sun,4:25
2015091312,2015.0,1.0,DAL,NYG,27,26,Sun,8:30
2015091400,2015.0,1.0,ATL,PHI,26,24,Mon,7:10
2015091401,2015.0,1.0,SF,MIN,20,3,Mon,10:20
2015091700,2015.0,2.0,KC,DEN,24,31,Thu,8:25
2015092000,2015.0,2.0,CAR,HOU,24,17,Sun,1:00
2015092001,2015.0,2.0,BUF,NE,32,40,Sun,1:00
2015092002,2015.0,2.0,CIN,SD,24,19,Sun,1:00
2015092003,2015.0,2.0,CLE,TEN,28,14,Sun,1:00
2015092004,2015.0,2.0,NYG,ATL,20,24,Sun,1:00
2015092005,2015.0,2.0,WAS,STL,24,10,Sun,1:00
2015092006,2015.0,2.0,CHI,ARI,23,48,Sun,1:00
2015092007,2015.0,2.0,MIN,DET,26,16,Sun,1:00
2015092008,2015.0,2.0,NO,TB,19,26,Sun,1:00
2015092009,2015.0,2.0,PIT,SF,43,18,Sun,1:00
2015092010,2015.0,2.0,OAK,BAL,37,33,Sun,4:05
2015092011,2015.0,2.0,JAC,MIA,23,20,Sun,4:05
2015092012,2015.0,2.0,PHI,DAL,10,20,Sun,4:25
2015092013,2015.0,2.0,GB,SEA,27,17,Sun,8:30
2015092100,2015.0,2.0,IND,NYJ,7,20,Mon,8:30
2015092400,2015.0,3.0,NYG,WAS,32,21,Thu,8:25
2015092700,2015.0,3.0,DAL,ATL,28,39,Sun,1:00
2015092701,2015.0,3.0,CAR,NO,27,22,Sun,1:00
2015092702,2015.0,3.0,NYJ,PHI,17,24,Sun,1:00
2015092703,2015.0,3.0,HOU,TB,19,9,Sun,1:00
2015092704,2015.0,3.0,MIN,SD,31,14,Sun,1:00
2015092705,2015.0,3.0,STL,PIT,6,12,Sun,1:00
2015092706,2015.0,3.0,NE,JAC,51,17,Sun,1:00
2015092707,2015.0,3.0,BAL,CIN,24,28,Sun,1:00
2015092708,2015.0,3.0,CLE,OAK,20,27,Sun,1:00
2015092709,2015.0,3.0,TEN,IND,33,35,Sun,1:00
2015092710,2015.0,3.0,ARI,SF,47,7,Sun,4:05
2015092711,2015.0,3.0,SEA,CHI,26,0,Sun,4:25
2015092712,2015.0,3.0,MIA,BUF,14,41,Sun,4:25
2015092713,2015.0,3.0,DET,DEN,12,24,Sun,8:30
2015092800,2015.0,3.0,GB,KC,38,28,Mon,8:30
2015100100,2015.0,4.0,PIT,BAL,20,23,Thu,8:25
2015100400,2015.0,4.0,MIA,NYJ,14,27,Sun,9:30
2015100401,2015.0,4.0,CHI,OAK,22,20,Sun,1:00
2015100402,2015.0,4.0,ATL,HOU,48,21,Sun,1:00
2015100403,2015.0,4.0,CIN,KC,36,21,Sun,1:00
2015100404,2015.0,4.0,IND,JAC,16,13,Sun,1:00
2015100405,2015.0,4.0,WAS,PHI,23,20,Sun,1:00
2015100406,2015.0,4.0,TB,CAR,23,37,Sun,1:00
2015100407,2015.0,4.0,BUF,NYG,10,24,Sun,1:00
2015100408,2015.0,4.0,SD,CLE,30,27,Sun,4:05
2015100409,2015.0,4.0,SF,GB,3,17,Sun,4:25
2015100410,2015.0,4.0,ARI,STL,22,24,Sun,4:25
2015100411,2015.0,4.0,DEN,MIN,23,20,Sun,4:25
2015100412,2015.0,4.0,NO,DAL,26,20,Sun,8:30
2015100500,2015.0,4.0,SEA,DET,13,10,Mon,8:30
2015100800,2015.0,5.0,HOU,IND,20,27,Thu,8:25
2015101101,2015.0,5.0,KC,CHI,17,18,Sun,1:00
2015101102,2015.0,5.0,CIN,SEA,27,24,Sun,1:00
2015101103,2015.0,5.0,ATL,WAS,25,19,Sun,1:00
2015101104,2015.0,5.0,TB,JAC,38,31,Sun,1:00
2015101100,2015.0,5.0,PHI,NO,39,17,Sun,1:00
2015101105,2015.0,5.0,BAL,CLE,30,33,Sun,1:00
2015101106,2015.0,5.0,TEN,BUF,13,14,Sun,1:00
2015101107,2015.0,5.0,GB,STL,24,10,Sun,1:00
2015101108,2015.0,5.0,DET,ARI,17,42,Sun,4:05
2015101109,2015.0,5.0,DAL,NE,6,30,Sun,4:25
2015101110,2015.0,5.0,OAK,DEN,10,16,Sun,4:25
2015101111,2015.0,5.0,NYG,SF,30,27,Sun,8:30
2015101200,2015.0,5.0,SD,PIT,20,24,Mon,8:30
2015101500,2015.0,6.0,NO,ATL,31,21,Thu,8:25
2015101801,2015.0,6.0,NYJ,WAS,34,20,Sun,1:00
2015101802,2015.0,6.0,PIT,ARI,25,13,Sun,1:00
2015101803,2015.0,6.0,MIN,KC,16,10,Sun,1:00
2015101804,2015.0,6.0,BUF,CIN,21,34,Sun,1:00
2015101800,2015.0,6.0,DET,CHI,37,34,Sun,1:00
2015101805,2015.0,6.0,CLE,DEN,23,26,Sun,1:00
2015101806,2015.0,6.0,TEN,MIA,10,38,Sun,1:00
2015101807,2015.0,6.0,JAC,HOU,20,31,Sun,1:00
2015101808,2015.0,6.0,SEA,CAR,23,27,Sun,4:05
2015101809,2015.0,6.0,GB,SD,27,20,Sun,4:25
2015101810,2015.0,6.0,SF,BAL,25,20,Sun,4:25
2015101811,2015.0,6.0,IND,NE,27,34,Sun,8:30
2015101900,2015.0,6.0,PHI,NYG,27,7,Mon,8:30
2015102200,2015.0,7.0,SF,SEA,3,20,Thu,8:25
2015102500,2015.0,7.0,JAC,BUF,34,31,Sun,9:30
2015102501,2015.0,7.0,STL,CLE,24,6,Sun,1:00
2015102502,2015.0,7.0,MIA,HOU,44,26,Sun,1:00
2015102503,2015.0,7.0,NE,NYJ,30,23,Sun,1:00
2015102504,2015.0,7.0,KC,PIT,23,13,Sun,1:00
2015102505,2015.0,7.0,WAS,TB,31,30,Sun,1:00
2015102506,2015.0,7.0,DET,MIN,19,28,Sun,1:00
2015102507,2015.0,7.0,IND,NO,21,27,Sun,1:00
2015102508,2015.0,7.0,TEN,ATL,7,10,Sun,1:00
2015102509,2015.0,7.0,SD,OAK,29,37,Sun,4:05
2015102510,2015.0,7.0,NYG,DAL,27,20,Sun,4:25
2015102511,2015.0,7.0,CAR,PHI,27,16,Sun,8:30
2015102600,2015.0,7.0,ARI,BAL,26,18,Mon,8:30
2015102900,2015.0,8.0,NE,MIA,36,7,Thu,8:25
2015110100,2015.0,8.0,KC,DET,45,10,Sun,9:30
2015110101,2015.0,8.0,BAL,SD,29,26,Sun,1:00
2015110102,2015.0,8.0,PIT,CIN,10,16,Sun,1:00
2015110103,2015.0,8.0,HOU,TEN,20,6,Sun,1:00
2015110104,2015.0,8.0,CHI,MIN,20,23,Sun,1:00
2015110105,2015.0,8.0,ATL,TB,20,23,Sun,1:00
2015110106,2015.0,8.0,NO,NYG,52,49,Sun,1:00
2015110107,2015.0,8.0,STL,SF,27,6,Sun,1:00
2015110108,2015.0,8.0,CLE,ARI,20,34,Sun,1:00
2015110109,2015.0,8.0,OAK,NYJ,34,20,Sun,4:05
2015110110,2015.0,8.0,DAL,SEA,12,13,Sun,4:25
2015110111,2015.0,8.0,DEN,GB,29,10,Sun,8:30
2015110200,2015.0,8.0,CAR,IND,29,26,Mon,8:30
2015110500,2015.0,9.0,CIN,CLE,31,10,Thu,8:25
2015110801,2015.0,9.0,CAR,GB,37,29,Sun,1:00
2015110802,2015.0,9.0,NE,WAS,27,10,Sun,1:00
2015110803,2015.0,9.0,NO,TEN,28,34,Sun,1:00
2015110804,2015.0,9.0,BUF,MIA,33,17,Sun,1:00
2015110800,2015.0,9.0,MIN,STL,21,18,Sun,1:00
2015110805,2015.0,9.0,NYJ,JAC,28,23,Sun,1:00
2015110806,2015.0,9.0,PIT,OAK,38,35,Sun,1:00
2015110807,2015.0,9.0,TB,NYG,18,32,Sun,4:05
2015110808,2015.0,9.0,SF,ATL,17,16,Sun,4:05
2015110809,2015.0,9.0,IND,DEN,27,24,Sun,4:25
2015110810,2015.0,9.0,DAL,PHI,27,33,Sun,8:30
2015110900,2015.0,9.0,SD,CHI,19,22,Mon,8:30
2015111200,2015.0,10.0,NYJ,BUF,17,22,Thu,8:25
2015111501,2015.0,10.0,GB,DET,16,18,Sun,1:00
2015111502,2015.0,10.0,TB,DAL,10,6,Sun,1:00
2015111503,2015.0,10.0,TEN,CAR,10,27,Sun,1:00
2015111504,2015.0,10.0,STL,CHI,13,37,Sun,1:00
2015111500,2015.0,10.0,WAS,NO,47,14,Sun,1:00
2015111505,2015.0,10.0,PHI,MIA,19,20,Sun,1:00
2015111506,2015.0,10.0,BAL,JAC,20,22,Sun,1:00
2015111507,2015.0,10.0,PIT,CLE,30,9,Sun,1:00
2015111508,2015.0,10.0,OAK,MIN,14,30,Sun,4:05
2015111509,2015.0,10.0,NYG,NE,26,27,Sun,4:25
2015111510,2015.0,10.0,DEN,KC,13,29,Sun,4:25
2015111511,2015.0,10.0,SEA,ARI,32,39,Sun,8:30
2015111600,2015.0,10.0,CIN,HOU,6,10,Mon,8:30
2015111900,2015.0,11.0,JAC,TEN,19,13,Thu,8:25
2015112201,2015.0,11.0,DET,OAK,18,13,Sun,1:00
2015112202,2015.0,11.0,ATL,IND,21,24,Sun,1:00
2015112203,2015.0,11.0,HOU,NYJ,24,17,Sun,1:00
2015112204,2015.0,11.0,PHI,TB,17,45,Sun,1:00
2015112200,2015.0,11.0,CHI,DEN,15,17,Sun,1:00
2015112206,2015.0,11.0,CAR,WAS,44,16,Sun,1:00
2015112207,2015.0,11.0,MIA,DAL,14,24,Sun,1:00
2015112208,2015.0,11.0,BAL,STL,16,13,Sun,1:00
2015112211,2015.0,11.0,SD,KC,3,33,Sun,4:05
2015112205,2015.0,11.0,MIN,GB,13,30,Sun,4:25
2015112210,2015.0,11.0,SEA,SF,29,13,Sun,4:25
2015112209,2015.0,11.0,ARI,CIN,34,31,Sun,8:30
2015112300,2015.0,11.0,NE,BUF,20,13,Mon,8:30
2015112600,2015.0,12.0,DET,PHI,45,14,Thu,12:30
2015112601,2015.0,12.0,DAL,CAR,14,33,Thu,4:30
2015112602,2015.0,12.0,GB,CHI,13,17,Thu,8:30
2015112903,2015.0,12.0,HOU,NO,24,6,Sun,1:00
2015112902,2015.0,12.0,CIN,STL,31,7,Sun,1:00
2015112901,2015.0,12.0,ATL,MIN,10,20,Sun,1:00
2015112900,2015.0,12.0,WAS,NYG,20,14,Sun,1:00
2015112904,2015.0,12.0,IND,TB,25,12,Sun,1:00
2015112905,2015.0,12.0,NYJ,MIA,38,20,Sun,1:00
2015112906,2015.0,12.0,JAC,SD,25,31,Sun,1:00
2015112907,2015.0,12.0,TEN,OAK,21,24,Sun,1:00
2015112908,2015.0,12.0,KC,BUF,30,22,Sun,1:00
2015112909,2015.0,12.0,SF,ARI,13,19,Sun,4:05
2015112910,2015.0,12.0,SEA,PIT,39,30,Sun,4:25
2015112911,2015.0,12.0,DEN,NE,30,24,Sun,8:30
2015113000,2015.0,12.0,CLE,BAL,27,33,Mon,8:30
2015120300,2015.0,13.0,DET,GB,23,27,Thu,8:25
2015120600,2015.0,13.0,NYG,NYJ,20,23,Sun,1:00
2015120601,2015.0,13.0,BUF,HOU,30,21,Sun,1:00
2015120602,2015.0,13.0,MIA,BAL,15,13,Sun,1:00
2015120603,2015.0,13.0,CLE,CIN,3,37,Sun,1:00
2015120604,2015.0,13.0,TEN,JAC,42,39,Sun,1:00
2015120605,2015.0,13.0,CHI,SF,20,26,Sun,1:00
2015120606,2015.0,13.0,MIN,SEA,7,38,Sun,1:00
2015120608,2015.0,13.0,TB,ATL,23,19,Sun,1:00
2015120609,2015.0,13.0,STL,ARI,3,27,Sun,1:00
2015120610,2015.0,13.0,OAK,KC,20,34,Sun,4:05
2015120611,2015.0,13.0,SD,DEN,3,17,Sun,4:05
2015120607,2015.0,13.0,NO,CAR,38,41,Sun,4:25
2015120612,2015.0,13.0,NE,PHI,28,35,Sun,4:25
2015120613,2015.0,13.0,PIT,IND,45,10,Sun,8:30
2015120700,2015.0,13.0,WAS,DAL,16,19,Mon,8:30
2015121000,2015.0,14.0,ARI,MIN,23,20,Thu,8:25
2015121300,2015.0,14.0,PHI,BUF,23,20,Sun,1:00
2015121301,2015.0,14.0,NYJ,TEN,30,8,Sun,1:00
2015121302,2015.0,14.0,CIN,PIT,20,33,Sun,1:00
2015121304,2015.0,14.0,JAC,IND,51,16,Sun,1:00
2015121305,2015.0,14.0,KC,SD,10,3,Sun,1:00
2015121306,2015.0,14.0,CHI,WAS,21,24,Sun,1:00
2015121307,2015.0,14.0,CAR,ATL,38,0,Sun,1:00
2015121308,2015.0,14.0,TB,NO,17,24,Sun,1:00
2015121309,2015.0,14.0,STL,DET,21,14,Sun,1:00
2015121310,2015.0,14.0,CLE,SF,24,10,Sun,1:00
2015121313,2015.0,14.0,BAL,SEA,6,35,Sun,1:00
2015121311,2015.0,14.0,DEN,OAK,12,15,Sun,4:05
2015121312,2015.0,14.0,GB,DAL,28,7,Sun,4:25
2015121303,2015.0,14.0,HOU,NE,6,27,Sun,8:30
2015121400,2015.0,14.0,MIA,NYG,24,31,Mon,8:30
2015121700,2015.0,15.0,STL,TB,31,23,Thu,8:25
2015121900,2015.0,15.0,DAL,NYJ,16,19,Sat,8:25
2015122002,2015.0,15.0,MIN,CHI,38,17,Sun,1:00
2015122003,2015.0,15.0,JAC,ATL,17,23,Sun,1:00
2015122004,2015.0,15.0,IND,HOU,10,16,Sun,1:00
2015122000,2015.0,15.0,NYG,CAR,35,38,Sun,1:00
2015122005,2015.0,15.0,NE,TEN,33,16,Sun,1:00
2015122006,2015.0,15.0,BAL,KC,14,34,Sun,1:00
2015122007,2015.0,15.0,WAS,BUF,35,25,Sun,1:00
2015122008,2015.0,15.0,SEA,CLE,30,13,Sun,4:05
2015122009,2015.0,15.0,OAK,GB,20,30,Sun,4:05
2015122010,2015.0,15.0,PIT,DEN,34,27,Sun,4:25
2015122011,2015.0,15.0,SD,MIA,30,14,Sun,4:25
2015122012,2015.0,15.0,SF,CIN,14,24,Sun,4:25
2015122001,2015.0,15.0,PHI,ARI,17,40,Sun,8:30
2015122100,2015.0,15.0,NO,DET,27,35,Mon,8:30
2015122400,2015.0,16.0,OAK,SD,23,20,Thu,8:25
2015122600,2015.0,16.0,PHI,WAS,24,38,Sat,8:25
2015122702,2015.0,16.0,NYJ,NE,26,20,Sun,1:00
2015122703,2015.0,16.0,TEN,HOU,6,34,Sun,1:00
2015122704,2015.0,16.0,KC,CLE,17,13,Sun,1:00
2015122701,2015.0,16.0,MIA,IND,12,18,Sun,1:00
2015122705,2015.0,16.0,DET,SF,32,17,Sun,1:00
2015122707,2015.0,16.0,ATL,CAR,20,13,Sun,1:00
2015122708,2015.0,16.0,TB,CHI,21,26,Sun,1:00
2015122709,2015.0,16.0,BUF,DAL,16,6,Sun,1:00
2015122712,2015.0,16.0,BAL,PIT,20,17,Sun,1:00
2015122700,2015.0,16.0,NO,JAC,38,27,Sun,4:05
2015122710,2015.0,16.0,ARI,GB,38,8,Sun,4:25
2015122711,2015.0,16.0,SEA,STL,17,23,Sun,4:25
2015122706,2015.0,16.0,MIN,NYG,49,17,Sun,8:30
2015122800,2015.0,16.0,DEN,CIN,20,17,Mon,8:30
2016010300,2015.0,17.0,BUF,NYJ,22,17,Sun,1:00
2016010302,2015.0,17.0,CIN,BAL,24,16,Sun,1:00
2016010303,2015.0,17.0,CLE,PIT,12,28,Sun,1:00
2016010304,2015.0,17.0,HOU,JAC,30,6,Sun,1:00
2016010305,2015.0,17.0,IND,TEN,30,24,Sun,1:00
2016010307,2015.0,17.0,DAL,WAS,23,34,Sun,1:00
2016010308,2015.0,17.0,NYG,PHI,30,35,Sun,1:00
2016010309,2015.0,17.0,CHI,DET,20,24,Sun,1:00
2016010311,2015.0,17.0,ATL,NO,17,20,Sun,1:00
2016010301,2015.0,17.0,MIA,NE,20,10,Sun,1:00
2016010315,2015.0,17.0,SF,STL,19,16,Sun,4:25
2016010306,2015.0,17.0,KC,OAK,23,17,Sun,4:25
2016010312,2015.0,17.0,CAR,TB,38,10,Sun,4:25
2016010313,2015.0,17.0,DEN,SD,27,20,Sun,4:25
2016010314,2015.0,17.0,ARI,SEA,6,36,Sun,4:25
2016010310,2015.0,17.0,GB,MIN,13,20,Sun,8:30
2016010900,2015.0,18.0,HOU,KC,0,30,Sat,4:35
2016010901,2015.0,18.0,CIN,PIT,16,18,Sat,8:15
2016011000,2015.0,18.0,MIN,SEA,9,10,Sun,1:05
2016011001,2015.0,18.0,WAS,GB,18,35,Sun,4:40
2016011600,2015.0,19.0,NE,KC,27,20,Sat,4:35
2016011601,2015.0,19.0,ARI,GB,26,20,Sat,8:15
2016011700,2015.0,19.0,CAR,SEA,31,24,Sun,1:05
2016011701,2015.0,19.0,DEN,PIT,23,16,Sun,4:40
2016012400,2015.0,20.0,DEN,NE,20,18,Sun,3:05
2016012401,2015.0,20.0,CAR,ARI,49,15,Sun,6:40
2016020700,2015.0,22.0,DEN,CAR,24,10,Sun,6:30
2016090800,2016.0,1.0,DEN,CAR,21,20,Thu,8:30
2016091100,2016.0,1.0,ATL,TB,24,31,Sun,1:00
2016091101,2016.0,1.0,BAL,BUF,13,7,Sun,1:00
2016091102,2016.0,1.0,HOU,CHI,23,14,Sun,1:00
2016091103,2016.0,1.0,JAX,GB,23,27,Sun,1:00
2016091104,2016.0,1.0,KC,SD,33,27,Sun,1:00
2016091105,2016.0,1.0,NO,OAK,34,35,Sun,1:00
2016091106,2016.0,1.0,NYJ,CIN,22,23,Sun,1:00
2016091107,2016.0,1.0,PHI,CLE,29,10,Sun,1:00
2016091108,2016.0,1.0,TEN,MIN,16,25,Sun,1:00
2016091109,2016.0,1.0,SEA,MIA,12,10,Sun,4:05
2016091110,2016.0,1.0,DAL,NYG,19,20,Sun,4:25
2016091111,2016.0,1.0,IND,DET,35,39,Sun,4:25
2016091112,2016.0,1.0,ARI,NE,21,23,Sun,8:30
2016091200,2016.0,1.0,WAS,PIT,16,38,Mon,7:10
2016091201,2016.0,1.0,SF,LA,28,0,Mon,10:20
2016091500,2016.0,2.0,BUF,NYJ,31,37,Thu,8:25
2016091800,2016.0,2.0,CAR,SF,46,27,Sun,1:00
2016091801,2016.0,2.0,CLE,BAL,20,25,Sun,1:00
2016091802,2016.0,2.0,DET,TEN,15,16,Sun,1:00
2016091803,2016.0,2.0,HOU,KC,19,12,Sun,1:00
2016091804,2016.0,2.0,NE,MIA,31,24,Sun,1:00
2016091805,2016.0,2.0,NYG,NO,16,13,Sun,1:00
2016091806,2016.0,2.0,PIT,CIN,24,16,Sun,1:00
2016091807,2016.0,2.0,WAS,DAL,23,27,Sun,1:00
2016091808,2016.0,2.0,ARI,TB,40,7,Sun,4:05
2016091809,2016.0,2.0,LA,SEA,9,3,Sun,4:05
2016091810,2016.0,2.0,DEN,IND,34,20,Sun,4:25
2016091811,2016.0,2.0,OAK,ATL,28,35,Sun,4:25
2016091812,2016.0,2.0,SD,JAX,38,14,Sun,4:25
2016091813,2016.0,2.0,MIN,GB,17,14,Sun,8:30
2016091900,2016.0,2.0,CHI,PHI,14,29,Mon,8:30
2016092200,2016.0,3.0,NE,HOU,27,0,Thu,8:25
2016092500,2016.0,3.0,BUF,ARI,33,18,Sun,1:00
2016092501,2016.0,3.0,CAR,MIN,10,22,Sun,1:00
2016092502,2016.0,3.0,CIN,DEN,17,29,Sun,1:00
2016092503,2016.0,3.0,GB,DET,34,27,Sun,1:00
2016092504,2016.0,3.0,JAX,BAL,17,19,Sun,1:00
2016092505,2016.0,3.0,MIA,CLE,30,24,Sun,1:00
2016092506,2016.0,3.0,NYG,WAS,27,29,Sun,1:00
2016092507,2016.0,3.0,TEN,OAK,10,17,Sun,1:00
2016092508,2016.0,3.0,SEA,SF,37,18,Sun,4:05
2016092509,2016.0,3.0,TB,LA,32,37,Sun,4:05
2016092510,2016.0,3.0,PHI,PIT,34,3,Sun,4:25
2016092511,2016.0,3.0,IND,SD,26,22,Sun,4:25
2016092512,2016.0,3.0,KC,NYJ,24,3,Sun,4:25
2016092513,2016.0,3.0,DAL,CHI,31,17,Sun,8:30
2016092600,2016.0,3.0,NO,ATL,32,45,Mon,8:30
2016092900,2016.0,4.0,CIN,MIA,22,7,Thu,8:25
2016100200,2016.0,4.0,JAX,IND,30,27,Sun,9:30
2016100201,2016.0,4.0,ATL,CAR,48,33,Sun,1:00
2016100202,2016.0,4.0,BAL,OAK,27,28,Sun,1:00
2016100203,2016.0,4.0,CHI,DET,17,14,Sun,1:00
2016100204,2016.0,4.0,HOU,TEN,27,20,Sun,1:00
2016100205,2016.0,4.0,NE,BUF,0,16,Sun,1:00
2016100206,2016.0,4.0,NYJ,SEA,17,27,Sun,1:00
2016100207,2016.0,4.0,WAS,CLE,31,20,Sun,1:00
2016100208,2016.0,4.0,TB,DEN,7,27,Sun,4:05
2016100209,2016.0,4.0,ARI,LA,13,17,Sun,4:25
2016100210,2016.0,4.0,SD,NO,34,35,Sun,4:25
2016100211,2016.0,4.0,SF,DAL,17,24,Sun,4:25
2016100212,2016.0,4.0,PIT,KC,43,14,Sun,8:30
2016100300,2016.0,4.0,MIN,NYG,24,10,Mon,8:30
2016100600,2016.0,5.0,SF,ARI,21,33,Thu,8:25
2016100901,2016.0,5.0,CLE,NE,13,33,Sun,1:00
2016100902,2016.0,5.0,DET,PHI,24,23,Sun,1:00
2016100903,2016.0,5.0,IND,CHI,29,23,Sun,1:00
2016100904,2016.0,5.0,MIA,TEN,17,30,Sun,1:00
2016100900,2016.0,5.0,BAL,WAS,10,16,Sun,1:00
2016100905,2016.0,5.0,MIN,HOU,31,13,Sun,1:00
2016100906,2016.0,5.0,PIT,NYJ,31,13,Sun,1:00
2016100907,2016.0,5.0,DEN,ATL,16,23,Sun,4:05
2016100908,2016.0,5.0,DAL,CIN,28,14,Sun,4:25
2016100909,2016.0,5.0,LA,BUF,19,30,Sun,4:25
2016100910,2016.0,5.0,OAK,SD,34,31,Sun,4:25
2016100911,2016.0,5.0,GB,NYG,23,16,Sun,8:30
2016101000,2016.0,5.0,CAR,TB,14,17,Mon,8:30
2016101300,2016.0,6.0,SD,DEN,21,13,Thu,8:25
2016101600,2016.0,6.0,BUF,SF,45,16,Sun,1:00
2016101601,2016.0,6.0,CHI,JAX,16,17,Sun,1:00
2016101602,2016.0,6.0,DET,LA,31,28,Sun,1:00
2016101603,2016.0,6.0,MIA,PIT,30,15,Sun,1:00
2016101604,2016.0,6.0,NE,CIN,35,17,Sun,1:00
2016101605,2016.0,6.0,NO,CAR,41,38,Sun,1:00
2016101606,2016.0,6.0,NYG,BAL,27,23,Sun,1:00
2016101607,2016.0,6.0,TEN,CLE,28,26,Sun,1:00
2016101608,2016.0,6.0,WAS,PHI,27,20,Sun,1:00
2016101609,2016.0,6.0,OAK,KC,10,26,Sun,4:05
2016101610,2016.0,6.0,GB,DAL,16,30,Sun,4:25
2016101611,2016.0,6.0,SEA,ATL,26,24,Sun,4:25
2016101612,2016.0,6.0,HOU,IND,26,23,Sun,8:30
2016101700,2016.0,6.0,ARI,NYJ,28,3,Mon,8:30
2016102000,2016.0,7.0,GB,CHI,26,10,Thu,8:25
2016102300,2016.0,7.0,LA,NYG,10,17,Sun,9:30
2016102301,2016.0,7.0,CIN,CLE,31,17,Sun,1:00
2016102302,2016.0,7.0,DET,WAS,20,17,Sun,1:00
2016102303,2016.0,7.0,JAX,OAK,16,33,Sun,1:00
2016102304,2016.0,7.0,KC,NO,27,21,Sun,1:00
2016102305,2016.0,7.0,MIA,BUF,28,25,Sun,1:00
2016102306,2016.0,7.0,NYJ,BAL,24,16,Sun,1:00
2016102307,2016.0,7.0,PHI,MIN,21,10,Sun,1:00
2016102308,2016.0,7.0,TEN,IND,26,34,Sun,1:00
2016102309,2016.0,7.0,ATL,SD,30,33,Sun,4:05
2016102310,2016.0,7.0,SF,TB,17,34,Sun,4:05
2016102311,2016.0,7.0,PIT,NE,16,27,Sun,4:25
2016102312,2016.0,7.0,ARI,SEA,6,6,Sun,8:30
2016102400,2016.0,7.0,DEN,HOU,27,9,Mon,8:30
2016102700,2016.0,8.0,TEN,JAX,36,22,Thu,8:25
2016103000,2016.0,8.0,CIN,WAS,27,27,Sun,9:30
2016103002,2016.0,8.0,BUF,NE,25,41,Sun,1:00
2016103003,2016.0,8.0,CLE,NYJ,28,31,Sun,1:00
2016103004,2016.0,8.0,HOU,DET,20,13,Sun,1:00
2016103005,2016.0,8.0,IND,KC,14,30,Sun,1:00
2016103006,2016.0,8.0,NO,SEA,25,20,Sun,1:00
2016103007,2016.0,8.0,TB,OAK,24,30,Sun,1:00
2016103009,2016.0,8.0,CAR,ARI,30,20,Sun,1:00
2016103008,2016.0,8.0,DEN,SD,27,19,Sun,4:05
2016103001,2016.0,8.0,ATL,GB,33,32,Sun,4:25
2016103010,2016.0,8.0,DAL,PHI,29,23,Sun,8:30
2016103100,2016.0,8.0,CHI,MIN,20,10,Mon,8:30
2016110300,2016.0,9.0,TB,ATL,28,43,Thu,8:25
2016110601,2016.0,9.0,BAL,PIT,21,14,Sun,1:00
2016110602,2016.0,9.0,CLE,DAL,10,35,Sun,1:00
2016110603,2016.0,9.0,KC,JAX,19,14,Sun,1:00
2016110604,2016.0,9.0,MIA,NYJ,27,23,Sun,1:00
2016110605,2016.0,9.0,MIN,DET,16,22,Sun,1:00
2016110606,2016.0,9.0,NYG,PHI,28,23,Sun,1:00
2016110607,2016.0,9.0,LA,CAR,10,13,Sun,4:05
2016110608,2016.0,9.0,SF,NO,23,41,Sun,4:05
2016110609,2016.0,9.0,GB,IND,26,31,Sun,4:25
2016110610,2016.0,9.0,SD,TEN,43,35,Sun,4:25
2016110600,2016.0,9.0,OAK,DEN,30,20,Sun,8:30
2016110700,2016.0,9.0,SEA,BUF,31,25,Mon,8:30
2016111000,2016.0,10.0,BAL,CLE,28,7,Thu,8:25
2016111302,2016.0,10.0,JAX,HOU,21,24,Sun,1:00
2016111303,2016.0,10.0,NO,DEN,23,25,Sun,1:00
2016111304,2016.0,10.0,NYJ,LA,6,9,Sun,1:00
2016111305,2016.0,10.0,PHI,ATL,24,15,Sun,1:00
2016111301,2016.0,10.0,CAR,KC,17,20,Sun,1:00
2016111306,2016.0,10.0,TB,CHI,36,10,Sun,1:00
2016111307,2016.0,10.0,TEN,GB,47,25,Sun,1:00
2016111308,2016.0,10.0,WAS,MIN,26,20,Sun,1:00
2016111309,2016.0,10.0,SD,MIA,24,31,Sun,4:05
2016111310,2016.0,10.0,ARI,SF,23,20,Sun,4:25
2016111311,2016.0,10.0,PIT,DAL,30,35,Sun,4:25
2016111312,2016.0,10.0,NE,SEA,24,31,Sun,8:30
2016111400,2016.0,10.0,NYG,CIN,21,20,Mon,8:30
2016111700,2016.0,11.0,CAR,NO,23,20,Thu,8:25
2016112001,2016.0,11.0,CLE,PIT,9,24,Sun,1:00
2016112002,2016.0,11.0,DAL,BAL,27,17,Sun,1:00
2016112003,2016.0,11.0,DET,JAX,26,19,Sun,1:00
2016112004,2016.0,11.0,IND,TEN,24,17,Sun,1:00
2016112000,2016.0,11.0,CIN,BUF,12,16,Sun,1:00
2016112005,2016.0,11.0,KC,TB,17,19,Sun,1:00
2016112006,2016.0,11.0,MIN,ARI,30,24,Sun,1:00
2016112007,2016.0,11.0,NYG,CHI,22,16,Sun,1:00
2016112008,2016.0,11.0,LA,MIA,10,14,Sun,4:05
2016112009,2016.0,11.0,SF,NE,17,30,Sun,4:25
2016112010,2016.0,11.0,SEA,PHI,26,15,Sun,4:25
2016112011,2016.0,11.0,WAS,GB,42,24,Sun,8:30
2016112100,2016.0,11.0,OAK,HOU,27,20,Mon,8:30
2016112400,2016.0,12.0,DET,MIN,16,13,Thu,12:30
2016112401,2016.0,12.0,DAL,WAS,31,26,Thu,4:30
2016112402,2016.0,12.0,IND,PIT,7,28,Thu,8:30
2016112703,2016.0,12.0,CHI,TEN,21,27,Sun,1:00
2016112702,2016.0,12.0,BUF,JAX,28,21,Sun,1:00
2016112701,2016.0,12.0,BAL,CIN,19,14,Sun,1:00
2016112700,2016.0,12.0,ATL,ARI,38,19,Sun,1:00
2016112704,2016.0,12.0,CLE,NYG,13,27,Sun,1:00
2016112705,2016.0,12.0,HOU,SD,13,21,Sun,1:00
2016112706,2016.0,12.0,MIA,SF,31,24,Sun,1:00
2016112707,2016.0,12.0,NO,LA,49,21,Sun,1:00
2016112708,2016.0,12.0,TB,SEA,14,5,Sun,4:05
2016112710,2016.0,12.0,OAK,CAR,35,32,Sun,4:25
2016112711,2016.0,12.0,NYJ,NE,17,22,Sun,4:25
2016112709,2016.0,12.0,DEN,KC,27,30,Sun,8:30
2016112800,2016.0,12.0,PHI,GB,13,27,Mon,8:30
2016120100,2016.0,13.0,MIN,DAL,15,17,Thu,8:25
2016120400,2016.0,13.0,ATL,KC,28,29,Sun,1:00
2016120401,2016.0,13.0,BAL,MIA,38,6,Sun,1:00
2016120402,2016.0,13.0,CHI,SF,26,6,Sun,1:00
2016120403,2016.0,13.0,CIN,PHI,32,14,Sun,1:00
2016120404,2016.0,13.0,GB,HOU,21,13,Sun,1:00
2016120405,2016.0,13.0,JAX,DEN,10,20,Sun,1:00
2016120406,2016.0,13.0,NE,LA,26,10,Sun,1:00
2016120407,2016.0,13.0,NO,DET,13,28,Sun,1:00
2016120408,2016.0,13.0,OAK,BUF,38,24,Sun,4:05
2016120409,2016.0,13.0,ARI,WAS,31,23,Sun,4:25
2016120410,2016.0,13.0,PIT,NYG,24,14,Sun,4:25
2016120411,2016.0,13.0,SD,TB,21,28,Sun,4:25
2016120412,2016.0,13.0,SEA,CAR,40,7,Sun,8:30
2016120500,2016.0,13.0,NYJ,IND,10,41,Mon,8:30
2016120800,2016.0,14.0,KC,OAK,21,13,Thu,8:25
2016121100,2016.0,14.0,BUF,PIT,20,27,Sun,1:00
2016121101,2016.0,14.0,CAR,SD,28,16,Sun,1:00
2016121102,2016.0,14.0,CLE,CIN,10,23,Sun,1:00
2016121103,2016.0,14.0,DET,CHI,20,17,Sun,1:00
2016121104,2016.0,14.0,IND,HOU,17,22,Sun,1:00
2016121105,2016.0,14.0,JAX,MIN,16,25,Sun,1:00
2016121106,2016.0,14.0,MIA,ARI,26,23,Sun,1:00
2016121107,2016.0,14.0,PHI,WAS,22,27,Sun,1:00
2016121109,2016.0,14.0,TEN,DEN,13,10,Sun,1:00
2016121110,2016.0,14.0,SF,NYJ,17,23,Sun,4:05
2016121108,2016.0,14.0,TB,NO,16,11,Sun,4:25
2016121111,2016.0,14.0,GB,SEA,38,10,Sun,4:25
2016121112,2016.0,14.0,LA,ATL,14,42,Sun,4:25
2016121113,2016.0,14.0,NYG,DAL,10,7,Sun,8:30
2016121200,2016.0,14.0,NE,BAL,30,23,Mon,8:30
2016121500,2016.0,15.0,SEA,LA,24,3,Thu,8:25
2016121700,2016.0,15.0,NYJ,MIA,13,34,Sat,8:25
2016121802,2016.0,15.0,CHI,GB,27,30,Sun,1:00
2016121804,2016.0,15.0,HOU,JAX,21,20,Sun,1:00
2016121801,2016.0,15.0,BUF,CLE,33,13,Sun,1:00
2016121800,2016.0,15.0,BAL,PHI,27,26,Sun,1:00
2016121805,2016.0,15.0,KC,TEN,17,19,Sun,1:00
2016121806,2016.0,15.0,MIN,IND,6,34,Sun,1:00
2016121807,2016.0,15.0,NYG,DET,17,6,Sun,1:00
2016121812,2016.0,15.0,CIN,PIT,20,24,Sun,1:00
2016121808,2016.0,15.0,ARI,NO,41,48,Sun,4:05
2016121809,2016.0,15.0,ATL,SF,41,13,Sun,4:05
2016121810,2016.0,15.0,DEN,NE,3,16,Sun,4:25
2016121811,2016.0,15.0,SD,OAK,16,19,Sun,4:25
2016121803,2016.0,15.0,DAL,TB,26,20,Sun,8:30
2016121900,2016.0,15.0,WAS,CAR,15,26,Mon,8:30
2016122200,2016.0,16.0,PHI,NYG,24,19,Thu,8:25
2016122400,2016.0,16.0,BUF,MIA,31,34,Sat,1:00
2016122401,2016.0,16.0,CAR,ATL,16,33,Sat,1:00
2016122402,2016.0,16.0,CHI,WAS,21,41,Sat,1:00
2016122403,2016.0,16.0,CLE,SD,20,17,Sat,1:00
2016122404,2016.0,16.0,GB,MIN,38,25,Sat,1:00
2016122405,2016.0,16.0,JAX,TEN,38,17,Sat,1:00
2016122406,2016.0,16.0,NE,NYJ,41,3,Sat,1:00
2016122408,2016.0,16.0,OAK,IND,33,25,Sat,4:05
2016122410,2016.0,16.0,SEA,ARI,31,34,Sat,4:25
2016122407,2016.0,16.0,NO,TB,31,24,Sat,4:25
2016122409,2016.0,16.0,LA,SF,21,22,Sat,4:25
2016122411,2016.0,16.0,HOU,CIN,12,10,Sat,8:25
2016122500,2016.0,16.0,PIT,BAL,31,27,Sun,4:30
2016122501,2016.0,16.0,KC,DEN,33,10,Sun,8:30
2016122600,2016.0,16.0,DAL,DET,42,21,Mon,8:30
2017010103,2016.0,17.0,IND,JAX,24,20,Sun,1:00
2017010104,2016.0,17.0,MIA,NE,14,35,Sun,1:00
2017010105,2016.0,17.0,MIN,CHI,38,10,Sun,1:00
2017010106,2016.0,17.0,NYJ,BUF,30,10,Sun,1:00
2017010107,2016.0,17.0,PHI,DAL,27,13,Sun,1:00
2017010108,2016.0,17.0,PIT,CLE,27,24,Sun,1:00
2017010109,2016.0,17.0,TB,CAR,17,16,Sun,1:00
2017010110,2016.0,17.0,TEN,HOU,24,17,Sun,1:00
2017010101,2016.0,17.0,CIN,BAL,27,10,Sun,1:00
2017010100,2016.0,17.0,ATL,NO,38,32,Sun,4:25
2017010115,2016.0,17.0,SF,SEA,23,25,Sun,4:25
2017010111,2016.0,17.0,WAS,NYG,10,19,Sun,4:25
2017010112,2016.0,17.0,DEN,OAK,24,6,Sun,4:25
2017010113,2016.0,17.0,LA,ARI,6,44,Sun,4:25
2017010114,2016.0,17.0,SD,KC,27,37,Sun,4:25
2017010102,2016.0,17.0,DET,GB,24,31,Sun,8:30
2017010700,2016.0,18.0,HOU,OAK,27,14,Sat,4:35
2017010701,2016.0,18.0,SEA,DET,26,6,Sat,8:15
2017010800,2016.0,18.0,PIT,MIA,30,12,Sun,1:05
2017010801,2016.0,18.0,GB,NYG,38,13,Sun,4:40
2017011400,2016.0,19.0,ATL,SEA,36,20,Sat,4:35
2017011401,2016.0,19.0,NE,HOU,34,16,Sat,8:15
2017011501,2016.0,19.0,DAL,GB,31,34,Sun,4:40
2017011500,2016.0,19.0,KC,PIT,16,18,Sun,8:20
2017012200,2016.0,20.0,ATL,GB,44,21,Sun,3:05
2017012201,2016.0,20.0,NE,PIT,36,17,Sun,6:40
2017020500,2016.0,22.0,ATL,NE,28,34,Sun,6:30
2017090700,2017.0,1.0,NE,KC,27,42,Thu,8:30
2017091000,2017.0,1.0,BUF,NYJ,21,12,Sun,1:00
2017091001,2017.0,1.0,CHI,ATL,17,23,Sun,1:00
2017091002,2017.0,1.0,CIN,BAL,0,20,Sun,1:00
2017091003,2017.0,1.0,CLE,PIT,18,21,Sun,1:00
2017091004,2017.0,1.0,DET,ARI,35,23,Sun,1:00
2017091005,2017.0,1.0,HOU,JAX,7,29,Sun,1:00
2017091007,2017.0,1.0,TEN,OAK,16,26,Sun,1:00
2017091008,2017.0,1.0,WAS,PHI,17,30,Sun,1:00
2017091009,2017.0,1.0,LA,IND,46,9,Sun,4:05
2017091010,2017.0,1.0,GB,SEA,17,9,Sun,4:25
2017091011,2017.0,1.0,SF,CAR,3,23,Sun,4:25
2017091012,2017.0,1.0,DAL,NYG,19,3,Sun,8:30
2017091100,2017.0,1.0,MIN,NO,29,19,Mon,7:10
2017091101,2017.0,1.0,DEN,LAC,24,21,Mon,10:20
2017091400,2017.0,2.0,CIN,HOU,9,13,Thu,8:25
2017091700,2017.0,2.0,BAL,CLE,24,10,Sun,1:00
2017091701,2017.0,2.0,CAR,BUF,9,3,Sun,1:00
2017091702,2017.0,2.0,IND,ARI,13,16,Sun,1:00
2017091703,2017.0,2.0,JAX,TEN,16,37,Sun,1:00
2017091704,2017.0,2.0,KC,PHI,27,20,Sun,1:00
2017091705,2017.0,2.0,NO,NE,20,36,Sun,1:00
2017091706,2017.0,2.0,PIT,MIN,26,9,Sun,1:00
2017091707,2017.0,2.0,TB,CHI,29,7,Sun,1:00
2017091708,2017.0,2.0,LAC,MIA,17,19,Sun,4:05
2017091709,2017.0,2.0,OAK,NYJ,45,20,Sun,4:05
2017091710,2017.0,2.0,DEN,DAL,42,17,Sun,4:25
2017091711,2017.0,2.0,LA,WAS,20,27,Sun,4:25
2017091712,2017.0,2.0,SEA,SF,12,9,Sun,4:25
2017091713,2017.0,2.0,ATL,GB,34,23,Sun,8:30
2017091800,2017.0,2.0,NYG,DET,10,24,Mon,8:30
2017092100,2017.0,3.0,SF,LA,39,41,Thu,8:25
2017092400,2017.0,3.0,JAX,BAL,44,7,Sun,9:30
2017092401,2017.0,3.0,BUF,DEN,26,16,Sun,1:00
2017092402,2017.0,3.0,CAR,NO,13,34,Sun,1:00
2017092403,2017.0,3.0,CHI,PIT,23,17,Sun,1:00
2017092404,2017.0,3.0,DET,ATL,26,30,Sun,1:00
2017092405,2017.0,3.0,IND,CLE,31,28,Sun,1:00
2017092406,2017.0,3.0,MIN,TB,34,17,Sun,1:00
2017092407,2017.0,3.0,NE,HOU,36,33,Sun,1:00
2017092408,2017.0,3.0,NYJ,MIA,20,6,Sun,1:00
2017092409,2017.0,3.0,PHI,NYG,27,24,Sun,1:00
2017092410,2017.0,3.0,TEN,SEA,33,27,Sun,4:05
2017092411,2017.0,3.0,GB,CIN,27,24,Sun,4:25
2017092412,2017.0,3.0,LAC,KC,10,24,Sun,4:25
2017092413,2017.0,3.0,WAS,OAK,27,10,Sun,8:30
2017092500,2017.0,3.0,ARI,DAL,17,28,Mon,8:30
2017092800,2017.0,4.0,GB,CHI,35,14,Thu,8:25
2017100100,2017.0,4.0,MIA,NO,0,20,Sun,9:30
2017100101,2017.0,4.0,ATL,BUF,17,23,Sun,1:00
2017100102,2017.0,4.0,BAL,PIT,9,26,Sun,1:00
2017100103,2017.0,4.0,CLE,CIN,7,31,Sun,1:00
2017100104,2017.0,4.0,DAL,LA,30,35,Sun,1:00
2017100105,2017.0,4.0,HOU,TEN,57,14,Sun,1:00
2017100106,2017.0,4.0,MIN,DET,7,14,Sun,1:00
2017100107,2017.0,4.0,NE,CAR,30,33,Sun,1:00
2017100108,2017.0,4.0,NYJ,JAX,23,20,Sun,1:00
2017100109,2017.0,4.0,ARI,SF,18,15,Sun,4:05
2017100110,2017.0,4.0,LAC,PHI,24,26,Sun,4:05
2017100111,2017.0,4.0,TB,NYG,25,23,Sun,4:05
2017100112,2017.0,4.0,DEN,OAK,16,10,Sun,4:25
2017100113,2017.0,4.0,SEA,IND,46,18,Sun,8:30
2017100200,2017.0,4.0,KC,WAS,29,20,Mon,8:30
2017100500,2017.0,5.0,TB,NE,14,19,Thu,8:25
2017100801,2017.0,5.0,CLE,NYJ,14,17,Sun,1:00
2017100802,2017.0,5.0,DET,CAR,24,27,Sun,1:00
2017100803,2017.0,5.0,IND,SF,26,23,Sun,1:00
2017100804,2017.0,5.0,MIA,TEN,16,10,Sun,1:00
2017100800,2017.0,5.0,CIN,BUF,20,16,Sun,1:00
2017100805,2017.0,5.0,NYG,LAC,22,27,Sun,1:00
2017100806,2017.0,5.0,PHI,ARI,34,7,Sun,1:00
2017100807,2017.0,5.0,PIT,JAX,9,30,Sun,1:00
2017100808,2017.0,5.0,LA,SEA,10,16,Sun,4:05
2017100809,2017.0,5.0,OAK,BAL,17,30,Sun,4:05
2017100810,2017.0,5.0,DAL,GB,31,35,Sun,4:25
2017100811,2017.0,5.0,HOU,KC,34,42,Sun,8:30
2017100900,2017.0,5.0,CHI,MIN,17,20,Mon,8:30
2017101200,2017.0,6.0,CAR,PHI,23,28,Thu,8:25
2017101501,2017.0,6.0,BAL,CHI,24,27,Sun,1:00
2017101502,2017.0,6.0,HOU,CLE,33,17,Sun,1:00
2017101503,2017.0,6.0,MIN,GB,23,10,Sun,1:00
2017101504,2017.0,6.0,NO,DET,52,38,Sun,1:00
2017101500,2017.0,6.0,ATL,MIA,17,20,Sun,1:00
2017101505,2017.0,6.0,NYJ,NE,17,24,Sun,1:00
2017101506,2017.0,6.0,WAS,SF,26,24,Sun,1:00
2017101507,2017.0,6.0,ARI,TB,38,33,Sun,4:05
2017101508,2017.0,6.0,JAX,LA,17,27,Sun,4:05
2017101509,2017.0,6.0,KC,PIT,13,19,Sun,4:25
2017101510,2017.0,6.0,OAK,LAC,16,17,Sun,4:25
2017101511,2017.0,6.0,DEN,NYG,10,23,Sun,8:30
2017101600,2017.0,6.0,TEN,IND,36,22,Mon,8:30
2017101900,2017.0,7.0,OAK,KC,31,30,Thu,8:25
2017102200,2017.0,7.0,BUF,TB,30,27,Sun,1:00
2017102201,2017.0,7.0,CHI,CAR,17,3,Sun,1:00
2017102202,2017.0,7.0,CLE,TEN,9,12,Sun,1:00
2017102203,2017.0,7.0,GB,NO,17,26,Sun,1:00
2017102204,2017.0,7.0,IND,JAX,0,27,Sun,1:00
2017102205,2017.0,7.0,LA,ARI,33,0,Sun,1:00
2017102206,2017.0,7.0,MIA,NYJ,31,28,Sun,1:00
2017102207,2017.0,7.0,MIN,BAL,24,16,Sun,1:00
2017102209,2017.0,7.0,SF,DAL,10,40,Sun,4:05
2017102208,2017.0,7.0,PIT,CIN,29,14,Sun,4:25
2017102210,2017.0,7.0,LAC,DEN,21,0,Sun,4:25
2017102211,2017.0,7.0,NYG,SEA,7,24,Sun,4:25
2017102212,2017.0,7.0,NE,ATL,23,7,Sun,8:30
2017102300,2017.0,7.0,PHI,WAS,34,24,Mon,8:30
2017102600,2017.0,8.0,BAL,MIA,40,0,Thu,8:25
2017102900,2017.0,8.0,CLE,MIN,16,33,Sun,9:30
2017102901,2017.0,8.0,BUF,OAK,34,14,Sun,1:00
2017102902,2017.0,8.0,CIN,IND,24,23,Sun,1:00
2017102903,2017.0,8.0,NE,LAC,21,13,Sun,1:00
2017102904,2017.0,8.0,NO,CHI,20,12,Sun,1:00
2017102905,2017.0,8.0,NYJ,ATL,20,25,Sun,1:00
2017102906,2017.0,8.0,PHI,SF,33,10,Sun,1:00
2017102907,2017.0,8.0,TB,CAR,3,17,Sun,1:00
2017102908,2017.0,8.0,SEA,HOU,41,38,Sun,4:05
2017102909,2017.0,8.0,WAS,DAL,19,33,Sun,4:25
2017102910,2017.0,8.0,DET,PIT,15,20,Sun,8:30
2017103000,2017.0,8.0,KC,DEN,29,19,Mon,8:30
2017110200,2017.0,9.0,NYJ,BUF,34,21,Thu,8:25
2017110501,2017.0,9.0,HOU,IND,14,20,Sun,1:00
2017110502,2017.0,9.0,JAX,CIN,23,7,Sun,1:00
2017110503,2017.0,9.0,NO,TB,30,10,Sun,1:00
2017110504,2017.0,9.0,NYG,LA,17,51,Sun,1:00
2017110500,2017.0,9.0,CAR,ATL,20,17,Sun,1:00
2017110505,2017.0,9.0,PHI,DEN,51,23,Sun,1:00
2017110506,2017.0,9.0,TEN,BAL,23,20,Sun,1:00
2017110507,2017.0,9.0,SF,ARI,10,20,Sun,4:05
2017110508,2017.0,9.0,SEA,WAS,14,17,Sun,4:05
2017110509,2017.0,9.0,DAL,KC,28,17,Sun,4:25
2017110510,2017.0,9.0,MIA,OAK,24,27,Sun,8:30
2017110600,2017.0,9.0,GB,DET,17,30,Mon,8:30
2017110900,2017.0,10.0,ARI,SEA,16,22,Thu,8:25
2017111201,2017.0,10.0,CHI,GB,16,23,Sun,1:00
2017111202,2017.0,10.0,DET,CLE,38,24,Sun,1:00
2017111203,2017.0,10.0,IND,PIT,17,20,Sun,1:00
2017111204,2017.0,10.0,JAX,LAC,20,17,Sun,1:00
2017111200,2017.0,10.0,BUF,NO,10,47,Sun,1:00
2017111205,2017.0,10.0,TB,NYJ,15,10,Sun,1:00
2017111206,2017.0,10.0,TEN,CIN,24,20,Sun,1:00
2017111207,2017.0,10.0,WAS,MIN,30,38,Sun,1:00
2017111208,2017.0,10.0,LA,HOU,33,7,Sun,4:05
2017111209,2017.0,10.0,ATL,DAL,27,7,Sun,4:25
2017111210,2017.0,10.0,SF,NYG,31,21,Sun,4:25
2017111211,2017.0,10.0,DEN,NE,16,41,Sun,8:30
2017111300,2017.0,10.0,CAR,MIA,45,21,Mon,8:30
2017111600,2017.0,11.0,PIT,TEN,,,Thu,8:25
2017111900,2017.0,11.0,CHI,DET,,,Sun,1:00
2017111901,2017.0,11.0,CLE,JAX,,,Sun,1:00
2017111902,2017.0,11.0,GB,BAL,,,Sun,1:00
2017111903,2017.0,11.0,HOU,ARI,,,Sun,1:00
2017111911,2017.0,11.0,MIA,TB,,,Sun,1:00
2017111904,2017.0,11.0,MIN,LA,,,Sun,1:00
2017111905,2017.0,11.0,NO,WAS,,,Sun,1:00
2017111906,2017.0,11.0,NYG,KC,,,Sun,1:00
2017111907,2017.0,11.0,LAC,BUF,,,Sun,4:05
2017111908,2017.0,11.0,DEN,CIN,,,Sun,4:25
2017111909,2017.0,11.0,OAK,NE,,,Sun,4:25
2017111910,2017.0,11.0,DAL,PHI,,,Sun,8:30
2017112000,2017.0,11.0,SEA,ATL,,,Mon,8:30
2017112300,2017.0,12.0,DET,MIN,,,Thu,12:30
2017112301,2017.0,12.0,DAL,LAC,,,Thu,4:30
2017112302,2017.0,12.0,WAS,NYG,,,Thu,8:30
2017112603,2017.0,12.0,KC,BUF,,,Sun,1:00
2017112602,2017.0,12.0,IND,TEN,,,Sun,1:00
2017112601,2017.0,12.0,CIN,CLE,,,Sun,1:00
2017112600,2017.0,12.0,ATL,TB,,,Sun,1:00
2017112604,2017.0,12.0,NE,MIA,,,Sun,1:00
2017112605,2017.0,12.0,NYJ,CAR,,,Sun,1:00
2017112606,2017.0,12.0,PHI,CHI,,,Sun,1:00
2017112608,2017.0,12.0,SF,SEA,,,Sun,4:05
2017112607,2017.0,12.0,LA,NO,,,Sun,4:25
2017112609,2017.0,12.0,ARI,JAX,,,Sun,4:25
2017112610,2017.0,12.0,OAK,DEN,,,Sun,4:25
2017112611,2017.0,12.0,PIT,GB,,,Sun,8:30
2017112700,2017.0,12.0,BAL,HOU,,,Mon,8:30
2017113000,2017.0,13.0,DAL,WAS,,,Thu,8:25
2017120300,2017.0,13.0,ATL,MIN,,,Sun,1:00
2017120301,2017.0,13.0,BAL,DET,,,Sun,1:00
2017120302,2017.0,13.0,BUF,NE,,,Sun,1:00
2017120303,2017.0,13.0,CHI,SF,,,Sun,1:00
2017120304,2017.0,13.0,GB,TB,,,Sun,1:00
2017120305,2017.0,13.0,JAX,IND,,,Sun,1:00
2017120306,2017.0,13.0,MIA,DEN,,,Sun,1:00
2017120308,2017.0,13.0,NYJ,KC,,,Sun,1:00
2017120309,2017.0,13.0,TEN,HOU,,,Sun,1:00
2017120310,2017.0,13.0,LAC,CLE,,,Sun,4:05
2017120307,2017.0,13.0,NO,CAR,,,Sun,4:25
2017120311,2017.0,13.0,ARI,LA,,,Sun,4:25
2017120312,2017.0,13.0,OAK,NYG,,,Sun,4:25
2017120313,2017.0,13.0,SEA,PHI,,,Sun,8:30
2017120400,2017.0,13.0,CIN,PIT,,,Mon,8:30
2017120700,2017.0,14.0,ATL,NO,,,Thu,8:25
2017121000,2017.0,14.0,BUF,IND,,,Sun,1:00
2017121001,2017.0,14.0,CAR,MIN,,,Sun,1:00
2017121002,2017.0,14.0,CIN,CHI,,,Sun,1:00
2017121003,2017.0,14.0,CLE,GB,,,Sun,1:00
2017121004,2017.0,14.0,HOU,SF,,,Sun,1:00
2017121005,2017.0,14.0,JAX,SEA,,,Sun,1:00
2017121006,2017.0,14.0,KC,OAK,,,Sun,1:00
2017121007,2017.0,14.0,TB,DET,,,Sun,1:00
2017121008,2017.0,14.0,ARI,TEN,,,Sun,4:05
2017121009,2017.0,14.0,DEN,NYJ,,,Sun,4:05
2017121010,2017.0,14.0,LAC,WAS,,,Sun,4:05
2017121011,2017.0,14.0,LA,PHI,,,Sun,4:25
2017121012,2017.0,14.0,NYG,DAL,,,Sun,4:25
2017121013,2017.0,14.0,PIT,BAL,,,Sun,8:30
2017121100,2017.0,14.0,MIA,NE,,,Mon,8:30
2017121400,2017.0,15.0,IND,DEN,,,Thu,8:25
2017121600,2017.0,15.0,DET,CHI,,,Sat,4:30
2017121601,2017.0,15.0,KC,LAC,,,Sat,8:25
2017121703,2017.0,15.0,JAX,HOU,,,Sun,1:00
2017121702,2017.0,15.0,CLE,BAL,,,Sun,1:00
2017121701,2017.0,15.0,CAR,GB,,,Sun,1:00
2017121700,2017.0,15.0,BUF,MIA,,,Sun,1:00
2017121704,2017.0,15.0,MIN,CIN,,,Sun,1:00
2017121705,2017.0,15.0,NO,NYJ,,,Sun,1:00
2017121706,2017.0,15.0,NYG,PHI,,,Sun,1:00
2017121707,2017.0,15.0,WAS,ARI,,,Sun,1:00
2017121708,2017.0,15.0,SEA,LA,,,Sun,4:05
2017121709,2017.0,15.0,PIT,NE,,,Sun,4:25
2017121710,2017.0,15.0,SF,TEN,,,Sun,4:25
2017121711,2017.0,15.0,OAK,DAL,,,Sun,8:30
2017121800,2017.0,15.0,TB,ATL,,,Mon,8:30
2017122300,2017.0,16.0,BAL,IND,,,Sat,4:30
2017122301,2017.0,16.0,GB,MIN,,,Sat,8:30
2017122402,2017.0,16.0,CIN,DET,,,Sun,1:00
2017122403,2017.0,16.0,KC,MIA,,,Sun,1:00
2017122404,2017.0,16.0,NE,BUF,,,Sun,1:00
2017122401,2017.0,16.0,CHI,CLE,,,Sun,1:00
2017122400,2017.0,16.0,CAR,TB,,,Sun,1:00
2017122405,2017.0,16.0,NO,ATL,,,Sun,1:00
2017122406,2017.0,16.0,NYJ,LAC,,,Sun,1:00
2017122407,2017.0,16.0,TEN,LA,,,Sun,1:00
2017122408,2017.0,16.0,WAS,DEN,,,Sun,1:00
2017122409,2017.0,16.0,SF,JAX,,,Sun,4:05
2017122411,2017.0,16.0,DAL,SEA,,,Sun,4:25
2017122410,2017.0,16.0,ARI,NYG,,,Sun,4:25
2017122500,2017.0,16.0,HOU,PIT,,,Mon,4:30
2017122501,2017.0,16.0,PHI,OAK,,,Mon,8:30
2017123100,2017.0,17.0,ATL,CAR,,,Sun,1:00
2017123102,2017.0,17.0,DET,GB,,,Sun,1:00
2017123103,2017.0,17.0,IND,HOU,,,Sun,1:00
2017123104,2017.0,17.0,MIA,BUF,,,Sun,1:00
2017123105,2017.0,17.0,MIN,CHI,,,Sun,1:00
2017123106,2017.0,17.0,NE,NYJ,,,Sun,1:00
2017123107,2017.0,17.0,NYG,WAS,,,Sun,1:00
2017123108,2017.0,17.0,PHI,DAL,,,Sun,1:00
2017123109,2017.0,17.0,PIT,CLE,,,Sun,1:00
2017123110,2017.0,17.0,TB,NO,,,Sun,1:00
2017123111,2017.0,17.0,TEN,JAX,,,Sun,1:00
2017123101,2017.0,17.0,BAL,CIN,,,Sun,1:00
2017123115,2017.0,17.0,SEA,ARI,,,Sun,4:25
2017123112,2017.0,17.0,DEN,KC,,,Sun,4:25
2017123113,2017.0,17.0,LAC,OAK,,,Sun,4:25
2017123114,2017.0,17.0,LA,SF,,,Sun,4:25
